AOL02447.1,AGA15926.1,AAZ79676.1,AAR07955.1,AAS99282.1,AAS99281.1,AGA15924.1,ACB55317.1,AKU89598.1,AKU89597.1,ACB55316.1,AAS99259.1,AAS99250.1,AAS99251.1,AAS99248.1,ACB55314.1,AAS99286.1,AAS99254.1,AKU89599.1,AAS99289.1,AAS99243.1,AAS99290.1,AAS99244.1,ACB55311.1,AAO88193.1,AAS99306.1,AAO88209.1,AAO88196.1,AAS99240.1,ACB55315.1,AAS99258.1,AAS99246.1,AAS99253.1,AAS99252.1,AAO88206.1,AKU89601.1,AAS99256.1,ACB55312.1,AAO88186.1,AAO88184.1,AAO88185.1,ACB55305.1,AAO88203.1,AAO88204.1,AAS99296.1,ACB55309.1,ACB55308.1,AAS99291.1,AKU89603.1,AAB95452.1,ACB55304.1,AAS99301.1,AAS99300.1,AAS99268.1,AAS99265.1,AAS99308.1,AAS99287.1,AAS99280.1,AAS99307.1,ACB55307.1,AAS99278.1,AAS99298.1,AAS99284.1,AAS99304.1,AAS99309.1,AAU05368.1,AAU05372.1,AAU05358.1,AAU05371.1,AAS99277.1,AAS99273.1,AAS99271.1,AAT46339.1,pdb|4IOV|A,ABI16639.1,NP_044927.1,YP_077178.1,YP_077180.1,AAT46337.1,AAS99264.1,NP_049542.1,AAB95450.1,NP_043941.1,ABZ10812.1,3J1Q_A,AKU89595.1,YP_068409.1,YP_680426.1
       0.0,      16.0,       0.0,    4836.0,    4342.0,    4342.0,    1682.0,    4342.0,    4342.0,    4342.0,    4342.0,    4342.0,    4342.0,    4342.0,    4342.0,    4342.0,    4342.0,    4342.0,    4342.0,    4342.0,    4342.0,    4342.0,    4342.0,    4342.0,    4342.0,    2660.0,    4342.0,    1682.0,    1682.0,    4342.0,    4342.0,    4342.0,    4342.0,    2660.0,    4342.0,    4342.0,    4342.0,    4342.0,    4342.0,    4342.0,    4342.0,    1301.0,    1301.0,      26.0,    4342.0,    1682.0,    1682.0,    4342.0,    1682.0,    1682.0,    1682.0,    1682.0,    1682.0,    1682.0,    1682.0,    1682.0,    1682.0,    1682.0,    1682.0,    1682.0,    1682.0,    1682.0,    1682.0,    1682.0,    1682.0,    1682.0,    1682.0,    1682.0,    1682.0,    1682.0,       0.0,    1682.0,    5824.0,    5824.0,    3164.0,    5824.0,    4342.0,    4342.0,    4342.0,    4342.0,    4342.0,    4342.0,    1682.0,    4342.0,    1682.0,    4342.0,      16.0,    1682.0
       0.0,       0.0,    3295.0,       0.0,       0.0,       0.0,       0.0,       0.0,       0.0,       0.0,       0.0,       0.0,       0.0,       0.0,       0.0,       0.0,       0.0,       0.0,       0.0,       0.0,       0.0,       0.0,       0.0,       0.0,       0.0,       0.0,       0.0,       0.0,       0.0,       0.0,       0.0,       0.0,       0.0,       0.0,       0.0,       0.0,       0.0,       0.0,       0.0,       0.0,       0.0,       0.0,       0.0,       0.0,       0.0,       0.0,       0.0,       0.0,       0.0,       0.0,       0.0,       0.0,       0.0,       0.0,       0.0,       0.0,       0.0,       0.0,       0.0,       0.0,       0.0,       0.0,       0.0,       0.0,       0.0,       0.0,       0.0,       0.0,       0.0,       0.0,       0.0,       0.0,       0.0,       0.0,       0.0,       0.0,       0.0,       0.0,       0.0,       0.0,       0.0,       0.0,       0.0,       0.0,       0.0,       0.0,    4606.0,       0.0
       0.0,       0.0,       0.0,       0.0,       0.0,       0.0,       0.0,       0.0,       0.0,       0.0,       0.0,       0.0,       0.0,       0.0,       0.0,       0.0,       0.0,       0.0,       0.0,       0.0,       0.0,       0.0,       0.0,       0.0,       0.0,       0.0,       0.0,       0.0,       0.0,       0.0,       0.0,       0.0,       0.0,       0.0,       0.0,       0.0,       0.0,       0.0,       0.0,       0.0,       0.0,       0.0,       0.0,       0.0,       0.0,       0.0,       0.0,       0.0,       0.0,       0.0,       0.0,       0.0,       0.0,       0.0,       0.0,       0.0,       0.0,       0.0,       0.0,       0.0,       0.0,       0.0,       0.0,       0.0,       0.0,       0.0,       0.0,       0.0,       0.0,       0.0,       0.0,       0.0,       0.0,       0.0,       0.0,       0.0,       0.0,       0.0,       0.0,       0.0,       0.0,       0.0,       0.0,       0.0,       0.0,       0.0,    3283.0,       0.0
       0.0,       0.0,       0.0,       0.0,    1682.0,    1682.0,    1682.0,    1682.0,    1682.0,    1682.0,    1682.0,    1682.0,    1682.0,    1682.0,    1682.0,    1682.0,    1682.0,    1682.0,    1682.0,    1682.0,    1682.0,    1682.0,    1682.0,    1682.0,    1682.0,       0.0,    1682.0,    1682.0,    1682.0,    1682.0,    1682.0,    1682.0,    1682.0,       0.0,    1682.0,    1682.0,    1682.0,    1682.0,    1682.0,    1682.0,    1682.0,    1301.0,    1301.0,      26.0,    1682.0,    1682.0,    1682.0,    1682.0,    1682.0,    1682.0,    1682.0,    1682.0,    1682.0,    1682.0,    1682.0,    1682.0,    1682.0,    1682.0,    1682.0,    1682.0,    1682.0,    1682.0,    1682.0,    1682.0,    1682.0,    1682.0,    1682.0,    1682.0,    1682.0,    1682.0,       0.0,    1682.0,    3166.0,    3166.0,    3164.0,    3164.0,    1682.0,    1682.0,    1682.0,    1682.0,    1682.0,    1682.0,    1682.0,    1682.0,    1682.0,    1682.0,       0.0,    1682.0
       0.0,       0.0,       0.0,       0.0,       0.0,   10925.0,    5999.0,    8725.0,    8699.0,    8728.0,    7530.0,    7530.0,    8699.0,    8685.0,    8649.0,    8699.0,    8530.0,    7529.0,    8699.0,    8653.0,    8605.0,    8653.0,    8653.0,    8653.0,    8571.0,    3975.0,    8653.0,    6014.0,    5993.0,    8568.0,    8568.0,    8568.0,    8568.0,    3890.0,    8568.0,    8568.0,    8571.0,    8568.0,    8568.0,    8568.0,    8568.0,    5548.0,    5548.0,    1277.0,    8568.0,    5929.0,    5929.0,    8507.0,    5961.0,    5958.0,    5967.0,    5938.0,    5958.0,    5903.0,    5892.0,    5958.0,    5958.0,    5932.0,    5911.0,    5961.0,    5961.0,    5947.0,    5900.0,    5932.0,    5940.0,    5961.0,    5961.0,    5961.0,    5940.0,    5945.0,    1283.0,    5940.0,    4352.0,    4352.0,    1692.0,    4354.0,    8568.0,    8699.0,    8653.0,   10925.0,    8568.0,    8568.0,    5958.0,    8618.0,    6512.0,    8600.0,       0.0,    5961.0
       0.0,       0.0,       0.0,       0.0,       0.0,       0.0,    5999.0,    8725.0,    8699.0,    8728.0,    7530.0,    7530.0,    8699.0,    8685.0,    8649.0,    8699.0,    8530.0,    7529.0,    8699.0,    8653.0,    8605.0,    8653.0,    8653.0,    8653.0,    8571.0,    3975.0,    8653.0,    6014.0,    5993.0,    8568.0,    8568.0,    8568.0,    8568.0,    3890.0,    8568.0,    8568.0,    8571.0,    8568.0,    8568.0,    8568.0,    8568.0,    5548.0,    5548.0,    1277.0,    8568.0,    5929.0,    5929.0,    8507.0,    5961.0,    5958.0,    5967.0,    5938.0,    5958.0,    5903.0,    5892.0,    5958.0,    5958.0,    5932.0,    5911.0,    5961.0,    5961.0,    5947.0,    5900.0,    5932.0,    5940.0,    5961.0,    5961.0,    5961.0,    5940.0,    5945.0,    1283.0,    5940.0,    4352.0,    4352.0,    1692.0,    4354.0,    8568.0,    8699.0,    8653.0,   10925.0,    8568.0,    8568.0,    5958.0,    8618.0,    6512.0,    8600.0,       0.0,    5961.0
       0.0,       0.0,       0.0,       0.0,       0.0,       0.0,       0.0,    5908.0,    5911.0,    5911.0,    4742.0,    4742.0,    5911.0,    5897.0,    5861.0,    5911.0,    5788.0,    4742.0,    5911.0,    5968.0,    5920.0,    5968.0,    5968.0,    5968.0,    5968.0,    1290.0,    5968.0,    5968.0,    6600.0,    6540.0,    6540.0,    6540.0,    6540.0,    1862.0,    5908.0,    5908.0,    5911.0,    5908.0,    5908.0,    5908.0,    5908.0,    5527.0,    5527.0,    1256.0,    5908.0,    5908.0,    5908.0,    5847.0,    6543.0,    5908.0,    6549.0,    5888.0,    5908.0,    5853.0,    5842.0,    5908.0,    5908.0,    5882.0,    5861.0,    6543.0,    6543.0,    6512.0,    6482.0,    6543.0,    6543.0,    6543.0,    6543.0,    6543.0,    6543.0,    6527.0,    1865.0,    6543.0,    1692.0,    1692.0,    1692.0,    1694.0,    5908.0,    5911.0,    5968.0,    5917.0,    5908.0,    6540.0,    5908.0,    5908.0,    5911.0,    5911.0,       0.0,    6543.0
       0.0,       0.0,       0.0,       0.0,       0.0,       0.0,       0.0,       0.0,    9504.0,    9533.0,    7557.0,    7557.0,    8726.0,    8712.0,    8711.0,    8726.0,    8554.0,    7556.0,    8726.0,    8678.0,    8665.0,    8678.0,    8678.0,    8677.0,    8595.0,    3999.0,    8677.0,    5959.0,    6018.0,    8596.0,    8596.0,    8596.0,    8596.0,    3918.0,    8596.0,    8596.0,    8596.0,    8596.0,    8596.0,    8596.0,    8596.0,    5523.0,    5523.0,    1252.0,    8596.0,    5904.0,    5904.0,    8535.0,    6259.0,    7010.0,    6259.0,    6691.0,    6711.0,    6688.0,    6644.0,    6711.0,    6711.0,    6684.0,    6696.0,    5933.0,    5933.0,    5919.0,    5904.0,    5904.0,    5933.0,    5906.0,    5906.0,    5906.0,    5906.0,    5890.0,    1228.0,    5906.0,    4411.0,    4411.0,    1692.0,    4381.0,    8596.0,    8712.0,    8678.0,    8681.0,    8596.0,    8569.0,    7010.0,    9344.0,    5993.0,    9403.0,       0.0,    5933.0
       0.0,       0.0,       0.0,       0.0,       0.0,       0.0,       0.0,       0.0,       0.0,   10368.0,    7749.0,    7749.0,    8918.0,    8904.0,    8818.0,    8918.0,    8657.0,    7748.0,    8918.0,    8870.0,    8772.0,    8870.0,    8870.0,    8869.0,    8787.0,    4191.0,    8869.0,    6062.0,    6121.0,    8646.0,    8628.0,    8628.0,    8646.0,    3968.0,    8641.0,    8646.0,    8788.0,    8646.0,    8646.0,    8628.0,    8646.0,    5573.0,    5573.0,    1302.0,    8628.0,    5936.0,    5936.0,    8553.0,    5989.0,    6687.0,    5938.0,    6694.0,    6714.0,    6659.0,    6647.0,    6714.0,    6714.0,    6687.0,    6667.0,    5961.0,    5961.0,    5924.0,    5900.0,    5961.0,    5961.0,    5934.0,    5934.0,    5934.0,    5934.0,    5918.0,    1256.0,    5934.0,    4411.0,    4411.0,    1692.0,    4381.0,    8641.0,    9155.0,    8870.0,    8686.0,    8628.0,    8601.0,    6687.0,    9347.0,    6185.0,   10238.0,       0.0,    5961.0
       0.0,       0.0,       0.0,       0.0,       0.0,       0.0,       0.0,       0.0,       0.0,       0.0,    7660.0,    7660.0,    8829.0,    8815.0,    8729.0,    8829.0,    8657.0,    7659.0,    8829.0,    8781.0,    8683.0,    8781.0,    8781.0,    8800.0,    8718.0,    4102.0,    8780.0,    6062.0,    6121.0,    8646.0,    8628.0,    8628.0,    8646.0,    3968.0,    8641.0,    8646.0,    8699.0,    8646.0,    8646.0,    8628.0,    8646.0,    5573.0,    5573.0,    1302.0,    8628.0,    5936.0,    5936.0,    8553.0,    6038.0,    6716.0,    5967.0,    6723.0,    6743.0,    6688.0,    6676.0,    6743.0,    6743.0,    6716.0,    6696.0,    5990.0,    5990.0,    5953.0,    5929.0,    5961.0,    5990.0,    5963.0,    5963.0,    5963.0,    5963.0,    5947.0,    1285.0,    5963.0,    4411.0,    4411.0,    1692.0,    4381.0,    8641.0,    9066.0,    8781.0,    8715.0,    8628.0,    8601.0,    6716.0,    9376.0,    6096.0,   10561.0,       0.0,    5990.0
       0.0,       0.0,       0.0,       0.0,       0.0,       0.0,       0.0,       0.0,       0.0,       0.0,       0.0,   10842.0,    9654.0,    9678.0,    9592.0,    9692.0,    9516.0,    9691.0,    8746.0,    8667.0,    8372.0,    8667.0,    8667.0,    8469.0,    8387.0,    3981.0,    8659.0,    5662.0,    5911.0,    8246.0,    8219.0,    8219.0,    8246.0,    3568.0,    7472.0,    8246.0,    9372.0,    8246.0,    8246.0,    7459.0,    8246.0,    5173.0,    5173.0,     902.0,    7459.0,    4767.0,    4767.0,    8153.0,    4820.0,    4740.0,    4769.0,    4747.0,    4767.0,    4712.0,    4766.0,    4767.0,    4767.0,    4750.0,    4720.0,    4792.0,    4792.0,    4755.0,    4731.0,    4792.0,    4792.0,    4962.0,    4962.0,    4962.0,    4765.0,    4946.0,     284.0,    4962.0,    4411.0,    4411.0,    1692.0,    4381.0,    7472.0,    7941.0,    8667.0,    7517.0,    7459.0,    7432.0,    4740.0,    7400.0,    5222.0,    7539.0,       0.0,    4792.0
       0.0,       0.0,       0.0,       0.0,       0.0,       0.0,       0.0,       0.0,       0.0,       0.0,       0.0,       0.0,    5827.0,    5851.0,    5765.0,    5865.0,    5730.0,    5864.0,    5425.0,    5536.0,    5241.0,    5536.0,    5536.0,    5338.0,    5256.0,     817.0,    5338.0,    4744.0,    4771.0,    5156.0,    5144.0,    5144.0,    5156.0,     635.0,    5140.0,    5156.0,    5735.0,    5156.0,    5156.0,    5130.0,    5156.0,    4255.0,    4255.0,     141.0,    5130.0,    4610.0,    4610.0,    5095.0,    4663.0,    4583.0,    4612.0,    4590.0,    4610.0,    4555.0,    4609.0,    4610.0,    4610.0,    4593.0,    4563.0,    4635.0,    4635.0,    4598.0,    4574.0,    4635.0,    4635.0,    4805.0,    4805.0,    4805.0,    4608.0,    4789.0,     284.0,    4805.0,    2239.0,    2239.0,    1692.0,    2241.0,    5140.0,    5556.0,    5536.0,    5220.0,    5130.0,    5103.0,    4583.0,    5103.0,    5009.0,    5195.0,       0.0,    4635.0
       0.0,       0.0,       0.0,       0.0,       0.0,       0.0,       0.0,       0.0,       0.0,       0.0,       0.0,       0.0,       0.0,   10809.0,   10723.0,   10823.0,   10562.0,    9653.0,    9877.0,    9836.0,    9541.0,    9836.0,    9836.0,    9638.0,    9556.0,    5150.0,    9828.0,    6831.0,    7080.0,    9415.0,    9388.0,    9388.0,    9415.0,    4737.0,    8641.0,    9415.0,   10503.0,    9415.0,    9415.0,    8628.0,    9415.0,    6342.0,    6342.0,    2071.0,    8628.0,    5936.0,    5936.0,    9322.0,    5989.0,    5909.0,    5938.0,    5916.0,    5936.0,    5881.0,    5869.0,    5936.0,    5936.0,    5909.0,    5889.0,    5961.0,    5961.0,    5924.0,    5900.0,    5961.0,    5961.0,    6131.0,    6131.0,    6131.0,    5934.0,    6115.0,    1453.0,    6131.0,    4411.0,    4411.0,    1692.0,    4381.0,    8641.0,    9110.0,    9836.0,    8686.0,    8628.0,    8601.0,    5909.0,    8569.0,    6391.0,    8708.0,       0.0,    5961.0
       0.0,       0.0,       0.0,       0.0,       0.0,       0.0,       0.0,       0.0,       0.0,       0.0,       0.0,       0.0,       0.0,       0.0,   10747.0,   10847.0,   10548.0,    9677.0,    9901.0,    9822.0,    9527.0,    9822.0,    9822.0,    9624.0,    9542.0,    5136.0,    9814.0,    6817.0,    7066.0,    9401.0,    9374.0,    9374.0,    9401.0,    4723.0,    8627.0,    9401.0,   10527.0,    9401.0,    9401.0,    8614.0,    9401.0,    6328.0,    6328.0,    2057.0,    8614.0,    5922.0,    5922.0,    9322.0,    5975.0,    5895.0,    5924.0,    5916.0,    5922.0,    5875.0,    5855.0,    5922.0,    5922.0,    5909.0,    5875.0,    5947.0,    5947.0,    5924.0,    5900.0,    5947.0,    5947.0,    6117.0,    6117.0,    6117.0,    5920.0,    6115.0,    1439.0,    6117.0,    4411.0,    4411.0,    1692.0,    4381.0,    8627.0,    9096.0,    9822.0,    8672.0,    8614.0,    8587.0,    5895.0,    8555.0,    6377.0,    8694.0,       0.0,    5947.0
       0.0,       0.0,       0.0,       0.0,       0.0,       0.0,       0.0,       0.0,       0.0,       0.0,       0.0,       0.0,       0.0,       0.0,       0.0,   10761.0,   10462.0,    9591.0,    9815.0,    9736.0,    9539.0,    9736.0,    9736.0,    9538.0,    9456.0,    5050.0,    9728.0,    6731.0,    6980.0,    9368.0,    9341.0,    9341.0,    9368.0,    4690.0,    8594.0,    9368.0,   10441.0,    9368.0,    9368.0,    8581.0,    9368.0,    6295.0,    6295.0,    2024.0,    8581.0,    5889.0,    5889.0,    9322.0,    5889.0,    5862.0,    5889.0,    5875.0,    5889.0,    5881.0,    5822.0,    5889.0,    5889.0,    5864.0,    5891.0,    5889.0,    5889.0,    5875.0,    5875.0,    5889.0,    5889.0,    6059.0,    6059.0,    6059.0,    5862.0,    6045.0,    1381.0,    6059.0,    4411.0,    4411.0,    1692.0,    4379.0,    8594.0,    9010.0,    9736.0,    8637.0,    8581.0,    8554.0,    5862.0,    8522.0,    6291.0,    8608.0,       0.0,    5889.0
       0.0,       0.0,       0.0,       0.0,       0.0,       0.0,       0.0,       0.0,       0.0,       0.0,       0.0,       0.0,       0.0,       0.0,       0.0,       0.0,   10562.0,    9691.0,    9915.0,    9836.0,    9541.0,    9836.0,    9836.0,    9638.0,    9556.0,    5150.0,    9828.0,    6831.0,    7080.0,    9415.0,    9388.0,    9388.0,    9415.0,    4737.0,    8641.0,    9415.0,   10541.0,    9415.0,    9415.0,    8628.0,    9415.0,    6342.0,    6342.0,    2071.0,    8628.0,    5936.0,    5936.0,    9322.0,    5989.0,    5909.0,    5938.0,    5916.0,    5936.0,    5881.0,    5869.0,    5936.0,    5936.0,    5909.0,    5889.0,    5961.0,    5961.0,    5924.0,    5900.0,    5961.0,    5961.0,    6131.0,    6131.0,    6131.0,    5934.0,    6115.0,    1453.0,    6131.0,    4411.0,    4411.0,    1692.0,    4381.0,    8641.0,    9110.0,    9836.0,    8686.0,    8628.0,    8601.0,    5909.0,    8569.0,    6391.0,    8708.0,       0.0,    5961.0
       0.0,       0.0,       0.0,       0.0,       0.0,       0.0,       0.0,       0.0,       0.0,       0.0,       0.0,       0.0,       0.0,       0.0,       0.0,       0.0,       0.0,    5642.0,    5316.0,    5513.0,    5218.0,    5513.0,    5513.0,    5316.0,    5234.0,     799.0,    5316.0,    4816.0,    4843.0,    5181.0,    5181.0,    5181.0,    5181.0,     664.0,    5181.0,    5181.0,    5663.0,    5181.0,    5181.0,    5181.0,    5181.0,    4327.0,    4327.0,     217.0,    5181.0,    4708.0,    4708.0,    5120.0,    4761.0,    4681.0,    4710.0,    4688.0,    4708.0,    4653.0,    4708.0,    4708.0,    4708.0,    4692.0,    4661.0,    4733.0,    4733.0,    4696.0,    4672.0,    4733.0,    4733.0,    4903.0,    4903.0,    4903.0,    4706.0,    4887.0,     386.0,    4903.0,    2192.0,    2192.0,    1692.0,    2194.0,    5181.0,    5513.0,    5513.0,    5238.0,    5181.0,    5154.0,    4681.0,    5154.0,    5013.0,    5234.0,       0.0,    4733.0
       0.0,       0.0,       0.0,       0.0,       0.0,       0.0,       0.0,       0.0,       0.0,       0.0,       0.0,       0.0,       0.0,       0.0,       0.0,       0.0,       0.0,       0.0,    8746.0,    8667.0,    8372.0,    8667.0,    8667.0,    8469.0,    8387.0,    3981.0,    8659.0,    5662.0,    5911.0,    8246.0,    8219.0,    8219.0,    8246.0,    3568.0,    7472.0,    8246.0,    9372.0,    8246.0,    8246.0,    7459.0,    8246.0,    5173.0,    5173.0,     902.0,    7459.0,    4767.0,    4767.0,    8153.0,    4820.0,    4740.0,    4769.0,    4747.0,    4767.0,    4712.0,    4766.0,    4767.0,    4767.0,    4750.0,    4720.0,    4792.0,    4792.0,    4755.0,    4731.0,    4792.0,    4792.0,    4962.0,    4962.0,    4962.0,    4765.0,    4946.0,     284.0,    4962.0,    4411.0,    4411.0,    1692.0,    4381.0,    7472.0,    7941.0,    8667.0,    7517.0,    7459.0,    7432.0,    4740.0,    7400.0,    5222.0,    7539.0,       0.0,    4792.0
       0.0,       0.0,       0.0,       0.0,       0.0,       0.0,       0.0,       0.0,       0.0,       0.0,       0.0,       0.0,       0.0,       0.0,       0.0,       0.0,       0.0,       0.0,       0.0,   10462.0,   10364.0,   10462.0,   10462.0,   10461.0,   10379.0,    5150.0,    9828.0,    6831.0,    7080.0,    9415.0,    9388.0,    9388.0,    9415.0,    4737.0,    8641.0,   10238.0,    9595.0,    9415.0,    9415.0,    8628.0,    9415.0,    6342.0,    6342.0,    2071.0,    8628.0,    5936.0,    5936.0,    9322.0,    5989.0,    5909.0,    5938.0,    5916.0,    5936.0,    5881.0,    5869.0,    5936.0,    5936.0,    5909.0,    5889.0,    5961.0,    5961.0,    5924.0,    5900.0,    5961.0,    5961.0,    5934.0,    5934.0,    5934.0,    5934.0,    5918.0,    1256.0,    5934.0,    4411.0,    4411.0,    1692.0,    4381.0,    8641.0,    8913.0,   10462.0,    8686.0,    8628.0,    8601.0,    5909.0,    8569.0,    6194.0,    8708.0,       0.0,    5961.0
       0.0,       0.0,       0.0,       0.0,       0.0,       0.0,       0.0,       0.0,       0.0,       0.0,       0.0,       0.0,       0.0,       0.0,       0.0,       0.0,       0.0,       0.0,       0.0,       0.0,   11515.0,   11810.0,   10827.0,   11612.0,   11530.0,    5017.0,    9695.0,    6888.0,    6947.0,    9415.0,    9388.0,    9388.0,    9385.0,    4737.0,    8641.0,   10208.0,    9724.0,    9385.0,    9385.0,    8628.0,    9385.0,    6342.0,    6342.0,    2071.0,    8628.0,    5936.0,    5936.0,    9322.0,    5989.0,    5909.0,    5938.0,    5916.0,    5936.0,    5881.0,    5869.0,    5936.0,    5936.0,    5909.0,    5889.0,    5961.0,    5961.0,    5924.0,    5900.0,    5961.0,    5961.0,    6131.0,    6131.0,    6131.0,    5934.0,    6115.0,    1453.0,    6131.0,    4411.0,    4411.0,    1692.0,    4381.0,    8641.0,    9076.0,   11810.0,    8652.0,    8628.0,    8601.0,    5909.0,    8569.0,    6357.0,    8708.0,       0.0,    5961.0
       0.0,       0.0,       0.0,       0.0,       0.0,       0.0,       0.0,       0.0,       0.0,       0.0,       0.0,       0.0,       0.0,       0.0,       0.0,       0.0,       0.0,       0.0,       0.0,       0.0,       0.0,   11515.0,   10532.0,   11514.0,   11432.0,    4919.0,    9597.0,    6790.0,    6849.0,    9370.0,    9343.0,    9343.0,    9340.0,    4692.0,    8596.0,   10163.0,    9429.0,    9340.0,    9340.0,    8583.0,    9340.0,    6297.0,    6297.0,    2026.0,    8583.0,    5891.0,    5891.0,    9322.0,    5891.0,    5864.0,    5891.0,    5875.0,    5891.0,    5881.0,    5824.0,    5891.0,    5891.0,    5864.0,    5889.0,    5891.0,    5891.0,    5877.0,    5875.0,    5891.0,    5891.0,    5864.0,    5864.0,    5864.0,    5864.0,    5848.0,    1186.0,    5864.0,    4411.0,    4411.0,    1692.0,    4381.0,    8596.0,    8781.0,   11515.0,    8605.0,    8583.0,    8556.0,    5864.0,    8524.0,    6062.0,    8610.0,       0.0,    5891.0
       0.0,       0.0,       0.0,       0.0,       0.0,       0.0,       0.0,       0.0,       0.0,       0.0,       0.0,       0.0,       0.0,       0.0,       0.0,       0.0,       0.0,       0.0,       0.0,       0.0,       0.0,       0.0,   10827.0,   11612.0,   11530.0,    5017.0,    9695.0,    6888.0,    6947.0,    9415.0,    9388.0,    9388.0,    9385.0,    4737.0,    8641.0,   10208.0,    9724.0,    9385.0,    9385.0,    8628.0,    9385.0,    6342.0,    6342.0,    2071.0,    8628.0,    5936.0,    5936.0,    9322.0,    5989.0,    5909.0,    5938.0,    5916.0,    5936.0,    5881.0,    5869.0,    5936.0,    5936.0,    5909.0,    5889.0,    5961.0,    5961.0,    5924.0,    5900.0,    5961.0,    5961.0,    6131.0,    6131.0,    6131.0,    5934.0,    6115.0,    1453.0,    6131.0,    4411.0,    4411.0,    1692.0,    4381.0,    8641.0,    9076.0,   11810.0,    8652.0,    8628.0,    8601.0,    5909.0,    8569.0,    6357.0,    8708.0,       0.0,    5961.0
       0.0,       0.0,       0.0,       0.0,       0.0,       0.0,       0.0,       0.0,       0.0,       0.0,       0.0,       0.0,       0.0,       0.0,       0.0,       0.0,       0.0,       0.0,       0.0,       0.0,       0.0,       0.0,       0.0,   10635.0,   10553.0,    5017.0,    9695.0,    6888.0,    6947.0,    9415.0,    9388.0,    9388.0,    9385.0,    4737.0,    8641.0,   10208.0,    9724.0,    9385.0,    9385.0,    8628.0,    9385.0,    6342.0,    6342.0,    2071.0,    8628.0,    5936.0,    5936.0,    9322.0,    5989.0,    5909.0,    5938.0,    5916.0,    5936.0,    5881.0,    5869.0,    5936.0,    5936.0,    5909.0,    5889.0,    5961.0,    5961.0,    5924.0,    5900.0,    5961.0,    5961.0,    6131.0,    6131.0,    6131.0,    5934.0,    6115.0,    1453.0,    6131.0,    4411.0,    4411.0,    1692.0,    4381.0,    8641.0,    9076.0,   10833.0,    8652.0,    8628.0,    8601.0,    5909.0,    8569.0,    6357.0,    8708.0,       0.0,    5961.0
       0.0,       0.0,       0.0,       0.0,       0.0,       0.0,       0.0,       0.0,       0.0,       0.0,       0.0,       0.0,       0.0,       0.0,       0.0,       0.0,       0.0,       0.0,       0.0,       0.0,       0.0,       0.0,       0.0,       0.0,   11550.0,    5017.0,    9695.0,    6887.0,    6946.0,    9414.0,    9387.0,    9387.0,    9384.0,    4736.0,    8640.0,   10207.0,    9526.0,    9384.0,    9384.0,    8627.0,    9384.0,    6341.0,    6341.0,    2070.0,    8627.0,    5935.0,    5935.0,    9321.0,    5988.0,    5908.0,    5937.0,    5915.0,    5935.0,    5880.0,    5869.0,    5935.0,    5935.0,    5909.0,    5888.0,    5960.0,    5960.0,    5923.0,    5899.0,    5960.0,    5960.0,    5933.0,    5933.0,    5933.0,    5933.0,    5917.0,    1255.0,    5933.0,    4411.0,    4411.0,    1692.0,    4381.0,    8640.0,    8878.0,   11612.0,    8652.0,    8627.0,    8600.0,    5908.0,    8568.0,    6159.0,    8707.0,       0.0,    5960.0
       0.0,       0.0,       0.0,       0.0,       0.0,       0.0,       0.0,       0.0,       0.0,       0.0,       0.0,       0.0,       0.0,       0.0,       0.0,       0.0,       0.0,       0.0,       0.0,       0.0,       0.0,       0.0,       0.0,       0.0,       0.0,    4935.0,    9613.0,    6805.0,    6864.0,    9414.0,    9387.0,    9387.0,    9384.0,    4736.0,    8640.0,   10207.0,    9526.0,    9384.0,    9384.0,    8627.0,    9384.0,    6341.0,    6341.0,    2070.0,    8627.0,    5935.0,    5935.0,    9321.0,    5988.0,    5908.0,    5937.0,    5915.0,    5935.0,    5880.0,    5869.0,    5935.0,    5935.0,    5909.0,    5888.0,    5960.0,    5960.0,    5923.0,    5899.0,    5960.0,    5960.0,    5933.0,    5933.0,    5933.0,    5933.0,    5917.0,    1255.0,    5933.0,    4411.0,    4411.0,    1692.0,    4381.0,    8640.0,    8796.0,   11530.0,    8570.0,    8627.0,    8600.0,    5908.0,    8568.0,    6077.0,    8707.0,       0.0,    5960.0
       0.0,       0.0,       0.0,       0.0,       0.0,       0.0,       0.0,       0.0,       0.0,       0.0,       0.0,       0.0,       0.0,       0.0,       0.0,       0.0,       0.0,       0.0,       0.0,       0.0,       0.0,       0.0,       0.0,       0.0,       0.0,       0.0,    7184.0,    4187.0,    2459.0,    4737.0,    4710.0,    4710.0,    4707.0,    4737.0,    3963.0,    4707.0,    4849.0,    4707.0,    4707.0,    3950.0,    4707.0,    2045.0,    2045.0,    2045.0,    3950.0,    1258.0,    1258.0,    4644.0,    1311.0,    1231.0,    1260.0,    1238.0,    1258.0,    1203.0,    1191.0,    1258.0,    1258.0,    1231.0,    1211.0,    1283.0,    1283.0,    1246.0,    1222.0,    1283.0,    1283.0,    1256.0,    1256.0,    1256.0,    1256.0,    1239.0,    1256.0,    1256.0,    2719.0,    2719.0,       0.0,    2689.0,    3963.0,    4201.0,    5018.0,    3974.0,    3950.0,    3923.0,    1231.0,    3891.0,    1482.0,    4030.0,       0.0,    1283.0
       0.0,       0.0,       0.0,       0.0,       0.0,       0.0,       0.0,       0.0,       0.0,       0.0,       0.0,       0.0,       0.0,       0.0,       0.0,       0.0,       0.0,       0.0,       0.0,       0.0,       0.0,       0.0,       0.0,       0.0,       0.0,       0.0,       0.0,    8864.0,    7136.0,    9414.0,    9387.0,    9387.0,    9384.0,    4736.0,    8640.0,    9384.0,    9526.0,    9384.0,    9384.0,    8627.0,    9384.0,    6341.0,    6341.0,    2070.0,    8627.0,    5935.0,    5935.0,    9321.0,    5988.0,    5908.0,    5937.0,    5915.0,    5935.0,    5880.0,    5869.0,    5935.0,    5935.0,    5909.0,    5888.0,    5960.0,    5960.0,    5923.0,    5899.0,    5960.0,    5960.0,    5933.0,    5933.0,    5933.0,    5933.0,    5917.0,    1255.0,    5933.0,    4411.0,    4411.0,    1692.0,    4381.0,    8640.0,    8878.0,    9695.0,    8652.0,    8627.0,    8600.0,    5908.0,    8568.0,    6159.0,    8707.0,       0.0,    5960.0
       0.0,       0.0,       0.0,       0.0,       0.0,       0.0,       0.0,       0.0,       0.0,       0.0,       0.0,       0.0,       0.0,       0.0,       0.0,       0.0,       0.0,       0.0,       0.0,       0.0,       0.0,       0.0,       0.0,       0.0,       0.0,       0.0,       0.0,       0.0,    8236.0,    6696.0,    6669.0,    6669.0,    6666.0,    2018.0,    5985.0,    6672.0,    6719.0,    6672.0,    6672.0,    5915.0,    6666.0,    8194.0,    8194.0,    3923.0,    5909.0,    7278.0,    7278.0,    6635.0,    7331.0,    7278.0,    7280.0,    7258.0,    7278.0,    7223.0,    5863.0,    7278.0,    7278.0,    7251.0,    7231.0,    7303.0,    7303.0,    7266.0,    7242.0,    7303.0,    7282.0,    7303.0,    7303.0,    7303.0,    7282.0,    7287.0,    2625.0,    7282.0,    1692.0,    1692.0,    3040.0,    1694.0,    5985.0,    6071.0,    6888.0,    6013.0,    5909.0,    5909.0,    7278.0,    5930.0,    7440.0,    5989.0,       0.0,    7303.0
       0.0,       0.0,       0.0,       0.0,       0.0,       0.0,       0.0,       0.0,       0.0,       0.0,       0.0,       0.0,       0.0,       0.0,       0.0,       0.0,       0.0,       0.0,       0.0,       0.0,       0.0,       0.0,       0.0,       0.0,       0.0,       0.0,       0.0,       0.0,       0.0,    7387.0,    7360.0,    7360.0,    7357.0,    2709.0,    5981.0,    6725.0,    6778.0,    6725.0,    6725.0,    5968.0,    6725.0,    7690.0,    7690.0,    3419.0,    5968.0,    7284.0,    7284.0,    6662.0,    7969.0,    7257.0,    7918.0,    7264.0,    7284.0,    7229.0,    5869.0,    7284.0,    7284.0,    7257.0,    7237.0,    7941.0,    7941.0,    7887.0,    7880.0,    7941.0,    7941.0,    7914.0,    7914.0,    7914.0,    7914.0,    7898.0,    3236.0,    7914.0,    1751.0,    1751.0,    3040.0,    1721.0,    5981.0,    6130.0,    6947.0,    5992.0,    5968.0,    6573.0,    7257.0,    5909.0,    7419.0,    6048.0,       0.0,    7941.0
       0.0,       0.0,       0.0,       0.0,       0.0,       0.0,       0.0,       0.0,       0.0,       0.0,       0.0,       0.0,       0.0,       0.0,       0.0,       0.0,       0.0,       0.0,       0.0,       0.0,       0.0,       0.0,       0.0,       0.0,       0.0,       0.0,       0.0,       0.0,       0.0,       0.0,   13133.0,   13133.0,   13128.0,    8343.0,   11528.0,    9753.0,   12120.0,    9753.0,    9753.0,    8996.0,    9753.0,    6633.0,    6633.0,    2362.0,    8858.0,    6166.0,    6166.0,    9552.0,    6810.0,    6050.0,    6721.0,    6055.0,    6075.0,    5933.0,    6008.0,    6075.0,    6075.0,    5909.0,    6028.0,    6808.0,    6808.0,    6777.0,    6747.0,    6808.0,    6808.0,    6781.0,    6781.0,    6781.0,    6781.0,    6626.0,    2103.0,    6781.0,    4411.0,    4411.0,    1692.0,    4381.0,   11538.0,    8655.0,    9415.0,    8568.0,    8858.0,    9463.0,    6050.0,    8708.0,    5936.0,    8897.0,       0.0,    6808.0
       0.0,       0.0,       0.0,       0.0,       0.0,       0.0,       0.0,       0.0,       0.0,       0.0,       0.0,       0.0,       0.0,       0.0,       0.0,       0.0,       0.0,       0.0,       0.0,       0.0,       0.0,       0.0,       0.0,       0.0,       0.0,       0.0,       0.0,       0.0,       0.0,       0.0,       0.0,   13203.0,   13101.0,    8316.0,   11515.0,    9726.0,   12093.0,    9726.0,    9726.0,    8996.0,    9726.0,    6606.0,    6606.0,    2335.0,    8858.0,    6166.0,    6166.0,    9525.0,    6810.0,    6050.0,    6721.0,    6055.0,    6075.0,    5933.0,    6008.0,    6075.0,    6075.0,    5909.0,    6028.0,    6808.0,    6808.0,    6777.0,    6747.0,    6808.0,    6808.0,    6781.0,    6781.0,    6781.0,    6781.0,    6626.0,    2103.0,    6781.0,    4411.0,    4411.0,    1692.0,    4381.0,   11525.0,    8628.0,    9388.0,    8568.0,    8858.0,    9463.0,    6050.0,    8708.0,    5909.0,    8870.0,       0.0,    6808.0
       0.0,       0.0,       0.0,       0.0,       0.0,       0.0,       0.0,       0.0,       0.0,       0.0,       0.0,       0.0,       0.0,       0.0,       0.0,       0.0,       0.0,       0.0,       0.0,       0.0,       0.0,       0.0,       0.0,       0.0,       0.0,       0.0,       0.0,       0.0,       0.0,       0.0,       0.0,       0.0,   13101.0,    8316.0,   11515.0,    9726.0,   12093.0,    9726.0,    9726.0,    8996.0,    9726.0,    6606.0,    6606.0,    2335.0,    8858.0,    6166.0,    6166.0,    9525.0,    6810.0,    6050.0,    6721.0,    6055.0,    6075.0,    5933.0,    6008.0,    6075.0,    6075.0,    5909.0,    6028.0,    6808.0,    6808.0,    6777.0,    6747.0,    6808.0,    6808.0,    6781.0,    6781.0,    6781.0,    6781.0,    6626.0,    2103.0,    6781.0,    4411.0,    4411.0,    1692.0,    4381.0,   11525.0,    8628.0,    9388.0,    8568.0,    8858.0,    9463.0,    6050.0,    8708.0,    5909.0,    8870.0,       0.0,    6808.0
       0.0,       0.0,       0.0,       0.0,       0.0,       0.0,       0.0,       0.0,       0.0,       0.0,       0.0,       0.0,       0.0,       0.0,       0.0,       0.0,       0.0,       0.0,       0.0,       0.0,       0.0,       0.0,       0.0,       0.0,       0.0,       0.0,       0.0,       0.0,       0.0,       0.0,       0.0,       0.0,       0.0,    8341.0,   11526.0,    9783.0,   12150.0,    9783.0,    9783.0,    8996.0,    9783.0,    6633.0,    6633.0,    2362.0,    8858.0,    6166.0,    6166.0,    9552.0,    6810.0,    6050.0,    6721.0,    6055.0,    6075.0,    5933.0,    6008.0,    6075.0,    6075.0,    5909.0,    6028.0,    6808.0,    6808.0,    6777.0,    6747.0,    6808.0,    6808.0,    6781.0,    6781.0,    6781.0,    6781.0,    6626.0,    2103.0,    6781.0,    4411.0,    4411.0,    1692.0,    4381.0,   11536.0,    8655.0,    9415.0,    8568.0,    8858.0,    9463.0,    6050.0,    8708.0,    5936.0,    8897.0,       0.0,    6808.0
       0.0,       0.0,       0.0,       0.0,       0.0,       0.0,       0.0,       0.0,       0.0,       0.0,       0.0,       0.0,       0.0,       0.0,       0.0,       0.0,       0.0,       0.0,       0.0,       0.0,       0.0,       0.0,       0.0,       0.0,       0.0,       0.0,       0.0,       0.0,       0.0,       0.0,       0.0,       0.0,       0.0,       0.0,    7152.0,    5075.0,    7442.0,    5075.0,    5075.0,    4318.0,    5075.0,    2336.0,    2336.0,    2336.0,    4180.0,    1488.0,    1488.0,    4874.0,    2132.0,    1372.0,    2043.0,    1377.0,    1397.0,    1255.0,    1330.0,    1397.0,    1397.0,    1231.0,    1350.0,    2130.0,    2130.0,    2099.0,    2069.0,    2130.0,    2130.0,    2103.0,    2103.0,    2103.0,    2103.0,    1948.0,    2103.0,    2103.0,    2719.0,    2719.0,       0.0,    2689.0,    7219.0,    3977.0,    4737.0,    3890.0,    4180.0,    4785.0,    1372.0,    4030.0,    1258.0,    4219.0,       0.0,    2130.0
       0.0,       0.0,       0.0,       0.0,       0.0,       0.0,       0.0,       0.0,       0.0,       0.0,       0.0,       0.0,       0.0,       0.0,       0.0,       0.0,       0.0,       0.0,       0.0,       0.0,       0.0,       0.0,       0.0,       0.0,       0.0,       0.0,       0.0,       0.0,       0.0,       0.0,       0.0,       0.0,       0.0,       0.0,       0.0,    9470.0,   11376.0,   10407.0,   10407.0,   10394.0,    9885.0,    5938.0,    5938.0,    1667.0,    8781.0,    6089.0,    6089.0,    8701.0,    6178.0,    6050.0,    6089.0,    6055.0,    6075.0,    5933.0,    6008.0,    6075.0,    6075.0,    5909.0,    6028.0,    6176.0,    6176.0,    6162.0,    6115.0,    6176.0,    6176.0,    6149.0,    6149.0,    6149.0,    6149.0,    5994.0,    1471.0,    6149.0,    4411.0,    4411.0,    1692.0,    4381.0,   14156.0,    8641.0,    8641.0,    8568.0,    8781.0,    8754.0,    6050.0,    8708.0,    5922.0,    8883.0,       0.0,    6176.0
       0.0,       0.0,       0.0,       0.0,       0.0,       0.0,       0.0,       0.0,       0.0,       0.0,       0.0,       0.0,       0.0,       0.0,       0.0,       0.0,       0.0,       0.0,       0.0,       0.0,       0.0,       0.0,       0.0,       0.0,       0.0,       0.0,       0.0,       0.0,       0.0,       0.0,       0.0,       0.0,       0.0,       0.0,       0.0,       0.0,    9556.0,   10518.0,   10518.0,    9731.0,    9996.0,    6872.0,    6872.0,    2601.0,    8858.0,    6166.0,    6166.0,    9552.0,    6178.0,    6050.0,    6089.0,    6055.0,    6075.0,    5933.0,    6008.0,    6075.0,    6075.0,    5909.0,    6028.0,    6176.0,    6176.0,    6162.0,    6115.0,    6176.0,    6176.0,    6149.0,    6149.0,    6149.0,    6149.0,    5994.0,    1471.0,    6149.0,    4411.0,    4411.0,    1692.0,    4381.0,    9454.0,    8655.0,   10238.0,    8568.0,    8858.0,    8831.0,    6050.0,    8708.0,    5936.0,    8897.0,       0.0,    6176.0
       0.0,       0.0,       0.0,       0.0,       0.0,       0.0,       0.0,       0.0,       0.0,       0.0,       0.0,       0.0,       0.0,       0.0,       0.0,       0.0,       0.0,       0.0,       0.0,       0.0,       0.0,       0.0,       0.0,       0.0,       0.0,       0.0,       0.0,       0.0,       0.0,       0.0,       0.0,       0.0,       0.0,       0.0,       0.0,       0.0,       0.0,    9556.0,    9556.0,    8769.0,    9556.0,    6483.0,    6483.0,    2212.0,    8680.0,    5988.0,    5988.0,    9374.0,    6130.0,    6050.0,    5990.0,    6055.0,    6075.0,    5933.0,    6008.0,    6075.0,    6075.0,    5909.0,    6028.0,    6100.0,    6100.0,    6063.0,    6039.0,    6100.0,    6100.0,    6270.0,    6270.0,    6270.0,    6073.0,    6115.0,    1592.0,    6270.0,    4411.0,    4411.0,    1692.0,    4381.0,   11376.0,    8994.0,    9754.0,    8570.0,    8680.0,    8653.0,    6050.0,    8708.0,    6275.0,    8849.0,       0.0,    6100.0
       0.0,       0.0,       0.0,       0.0,       0.0,       0.0,       0.0,       0.0,       0.0,       0.0,       0.0,       0.0,       0.0,       0.0,       0.0,       0.0,       0.0,       0.0,       0.0,       0.0,       0.0,       0.0,       0.0,       0.0,       0.0,       0.0,       0.0,       0.0,       0.0,       0.0,       0.0,       0.0,       0.0,       0.0,       0.0,       0.0,       0.0,       0.0,   11269.0,   10482.0,   10747.0,    6646.0,    6646.0,    2368.0,    8858.0,    6166.0,    6166.0,    9552.0,    6178.0,    6050.0,    6089.0,    6055.0,    6075.0,    5933.0,    6008.0,    6075.0,    6075.0,    5909.0,    6028.0,    6176.0,    6176.0,    6162.0,    6115.0,    6176.0,    6176.0,    6149.0,    6149.0,    6149.0,    6149.0,    5994.0,    1471.0,    6149.0,    4411.0,    4411.0,    1692.0,    4381.0,   10391.0,    8655.0,    9415.0,    8568.0,    8858.0,    8831.0,    6050.0,    8708.0,    5936.0,    8897.0,       0.0,    6176.0
       0.0,       0.0,       0.0,       0.0,       0.0,       0.0,       0.0,       0.0,       0.0,       0.0,       0.0,       0.0,       0.0,       0.0,       0.0,       0.0,       0.0,       0.0,       0.0,       0.0,       0.0,       0.0,       0.0,       0.0,       0.0,       0.0,       0.0,       0.0,       0.0,       0.0,       0.0,       0.0,       0.0,       0.0,       0.0,       0.0,       0.0,       0.0,       0.0,   10482.0,   10747.0,    6646.0,    6646.0,    2368.0,    8858.0,    6166.0,    6166.0,    9552.0,    6178.0,    6050.0,    6089.0,    6055.0,    6075.0,    5933.0,    6008.0,    6075.0,    6075.0,    5909.0,    6028.0,    6176.0,    6176.0,    6162.0,    6115.0,    6176.0,    6176.0,    6149.0,    6149.0,    6149.0,    6149.0,    5994.0,    1471.0,    6149.0,    4411.0,    4411.0,    1692.0,    4381.0,   10391.0,    8655.0,    9415.0,    8568.0,    8858.0,    8831.0,    6050.0,    8708.0,    5936.0,    8897.0,       0.0,    6176.0
       0.0,       0.0,       0.0,       0.0,       0.0,       0.0,       0.0,       0.0,       0.0,       0.0,       0.0,       0.0,       0.0,       0.0,       0.0,       0.0,       0.0,       0.0,       0.0,       0.0,       0.0,       0.0,       0.0,       0.0,       0.0,       0.0,       0.0,       0.0,       0.0,       0.0,       0.0,       0.0,       0.0,       0.0,       0.0,       0.0,       0.0,       0.0,       0.0,       0.0,    9960.0,    5859.0,    5859.0,    1581.0,    8858.0,    6166.0,    6166.0,    8765.0,    6178.0,    6050.0,    6089.0,    6055.0,    6075.0,    5933.0,    6008.0,    6075.0,    6075.0,    5909.0,    6028.0,    6176.0,    6176.0,    6162.0,    6115.0,    6176.0,    6176.0,    6149.0,    6149.0,    6149.0,    6149.0,    5994.0,    1471.0,    6149.0,    4411.0,    4411.0,    1692.0,    4381.0,   10378.0,    8628.0,    8628.0,    8568.0,    8858.0,    8831.0,    6050.0,    8708.0,    5909.0,    8870.0,       0.0,    6176.0
       0.0,       0.0,       0.0,       0.0,       0.0,       0.0,       0.0,       0.0,       0.0,       0.0,       0.0,       0.0,       0.0,       0.0,       0.0,       0.0,       0.0,       0.0,       0.0,       0.0,       0.0,       0.0,       0.0,       0.0,       0.0,       0.0,       0.0,       0.0,       0.0,       0.0,       0.0,       0.0,       0.0,       0.0,       0.0,       0.0,       0.0,       0.0,       0.0,       0.0,       0.0,    6640.0,    6640.0,    2362.0,    8858.0,    6166.0,    6166.0,    9552.0,    6178.0,    6050.0,    6089.0,    6055.0,    6075.0,    5933.0,    6008.0,    6075.0,    6075.0,    5909.0,    6028.0,    6176.0,    6176.0,    6162.0,    6115.0,    6176.0,    6176.0,    6149.0,    6149.0,    6149.0,    6149.0,    5994.0,    1471.0,    6149.0,    4411.0,    4411.0,    1692.0,    4381.0,    9869.0,    8655.0,    9415.0,    8568.0,    8858.0,    8831.0,    6050.0,    8708.0,    5936.0,    8897.0,       0.0,    6176.0
       0.0,       0.0,       0.0,       0.0,       0.0,       0.0,       0.0,       0.0,       0.0,       0.0,       0.0,       0.0,       0.0,       0.0,       0.0,       0.0,       0.0,       0.0,       0.0,       0.0,       0.0,       0.0,       0.0,       0.0,       0.0,       0.0,       0.0,       0.0,       0.0,       0.0,       0.0,       0.0,       0.0,       0.0,       0.0,       0.0,       0.0,       0.0,       0.0,       0.0,       0.0,       0.0,   10044.0,    4616.0,    5708.0,    7077.0,    7077.0,    6434.0,    7166.0,    7038.0,    7077.0,    7043.0,    7063.0,    6921.0,    5648.0,    7063.0,    7063.0,    6897.0,    7016.0,    7164.0,    7164.0,    7150.0,    7103.0,    7164.0,    7143.0,    7137.0,    7137.0,    7137.0,    7116.0,    6982.0,    2840.0,    7116.0,    1338.0,    1338.0,    2659.0,    1340.0,    5922.0,    5582.0,    6342.0,    5548.0,    5708.0,    5681.0,    7038.0,    5688.0,    6924.0,    5824.0,       0.0,    7164.0
       0.0,       0.0,       0.0,       0.0,       0.0,       0.0,       0.0,       0.0,       0.0,       0.0,       0.0,       0.0,       0.0,       0.0,       0.0,       0.0,       0.0,       0.0,       0.0,       0.0,       0.0,       0.0,       0.0,       0.0,       0.0,       0.0,       0.0,       0.0,       0.0,       0.0,       0.0,       0.0,       0.0,       0.0,       0.0,       0.0,       0.0,       0.0,       0.0,       0.0,       0.0,       0.0,       0.0,    4616.0,    5708.0,    7077.0,    7077.0,    6434.0,    7166.0,    7038.0,    7077.0,    7043.0,    7063.0,    6921.0,    5648.0,    7063.0,    7063.0,    6897.0,    7016.0,    7164.0,    7164.0,    7150.0,    7103.0,    7164.0,    7143.0,    7137.0,    7137.0,    7137.0,    7116.0,    6982.0,    2840.0,    7116.0,    1338.0,    1338.0,    2659.0,    1340.0,    5922.0,    5582.0,    6342.0,    5548.0,    5708.0,    5681.0,    7038.0,    5688.0,    6924.0,    5824.0,       0.0,    7164.0
       0.0,       0.0,       0.0,       0.0,       0.0,       0.0,       0.0,       0.0,       0.0,       0.0,       0.0,       0.0,       0.0,       0.0,       0.0,       0.0,       0.0,       0.0,       0.0,       0.0,       0.0,       0.0,       0.0,       0.0,       0.0,       0.0,       0.0,       0.0,       0.0,       0.0,       0.0,       0.0,       0.0,       0.0,       0.0,       0.0,       0.0,       0.0,       0.0,       0.0,       0.0,       0.0,       0.0,       0.0,    1457.0,    2826.0,    2826.0,    2183.0,    2915.0,    2787.0,    2826.0,    2792.0,    2812.0,    2670.0,    1397.0,    2812.0,    2812.0,    2646.0,    2765.0,    2913.0,    2913.0,    2899.0,    2852.0,    2913.0,    2892.0,    2886.0,    2886.0,    2886.0,    2865.0,    2731.0,    2840.0,    2865.0,      73.0,      73.0,    1394.0,      75.0,    1671.0,    1331.0,    2091.0,    1297.0,    1457.0,    1430.0,    2787.0,    1437.0,    2673.0,    1573.0,       0.0,    2913.0
       0.0,       0.0,       0.0,       0.0,       0.0,       0.0,       0.0,       0.0,       0.0,       0.0,       0.0,       0.0,       0.0,       0.0,       0.0,       0.0,       0.0,       0.0,       0.0,       0.0,       0.0,       0.0,       0.0,       0.0,       0.0,       0.0,       0.0,       0.0,       0.0,       0.0,       0.0,       0.0,       0.0,       0.0,       0.0,       0.0,       0.0,       0.0,       0.0,       0.0,       0.0,       0.0,       0.0,       0.0,       0.0,   11414.0,   11303.0,   12094.0,    6089.0,    5963.0,    6089.0,    5970.0,    5990.0,    5933.0,    5921.0,    5988.0,    5988.0,    5909.0,    5941.0,    6089.0,    6089.0,    6075.0,    6028.0,    6089.0,    6089.0,    6062.0,    6062.0,    6062.0,    6062.0,    5994.0,    1384.0,    6062.0,    4411.0,    4411.0,    1692.0,    4381.0,    8781.0,    8628.0,    8628.0,    8568.0,   14106.0,   10949.0,    5963.0,    8969.0,    5909.0,    8781.0,       0.0,    6089.0
       0.0,       0.0,       0.0,       0.0,       0.0,       0.0,       0.0,       0.0,       0.0,       0.0,       0.0,       0.0,       0.0,       0.0,       0.0,       0.0,       0.0,       0.0,       0.0,       0.0,       0.0,       0.0,       0.0,       0.0,       0.0,       0.0,       0.0,       0.0,       0.0,       0.0,       0.0,       0.0,       0.0,       0.0,       0.0,       0.0,       0.0,       0.0,       0.0,       0.0,       0.0,       0.0,       0.0,       0.0,       0.0,       0.0,    7324.0,    6488.0,    4936.0,    4810.0,    4936.0,    4817.0,    4837.0,    4780.0,    4791.0,    4835.0,    4835.0,    4760.0,    4788.0,    4936.0,    4936.0,    4922.0,    4875.0,    4936.0,    4936.0,    4909.0,    4909.0,    4909.0,    4909.0,    4841.0,     388.0,    4909.0,    1719.0,    1719.0,    1735.0,    1721.0,    4893.0,    4740.0,    4740.0,    4712.0,    7382.0,    6046.0,    4810.0,    4781.0,    4756.0,    4893.0,       0.0,    4936.0
       0.0,       0.0,       0.0,       0.0,       0.0,       0.0,       0.0,       0.0,       0.0,       0.0,       0.0,       0.0,       0.0,       0.0,       0.0,       0.0,       0.0,       0.0,       0.0,       0.0,       0.0,       0.0,       0.0,       0.0,       0.0,       0.0,       0.0,       0.0,       0.0,       0.0,       0.0,       0.0,       0.0,       0.0,       0.0,       0.0,       0.0,       0.0,       0.0,       0.0,       0.0,       0.0,       0.0,       0.0,       0.0,       0.0,       0.0,    9323.0,    7458.0,    7332.0,    7458.0,    7339.0,    7359.0,    7302.0,    5942.0,    7357.0,    7357.0,    7278.0,    7310.0,    7458.0,    7458.0,    7444.0,    7397.0,    7458.0,    7437.0,    7431.0,    7431.0,    7431.0,    7410.0,    7363.0,    2753.0,    7410.0,    1719.0,    1719.0,    3040.0,    1721.0,    6089.0,    5936.0,    5936.0,    5929.0,   11303.0,    8257.0,    7332.0,    6330.0,    7278.0,    6089.0,       0.0,    7458.0
       0.0,       0.0,       0.0,       0.0,       0.0,       0.0,       0.0,       0.0,       0.0,       0.0,       0.0,       0.0,       0.0,       0.0,       0.0,       0.0,       0.0,       0.0,       0.0,       0.0,       0.0,       0.0,       0.0,       0.0,       0.0,       0.0,       0.0,       0.0,       0.0,       0.0,       0.0,       0.0,       0.0,       0.0,       0.0,       0.0,       0.0,       0.0,       0.0,       0.0,       0.0,       0.0,       0.0,       0.0,       0.0,       0.0,       0.0,       0.0,    6028.0,    5900.0,    6028.0,    5927.0,    5927.0,    5927.0,    5860.0,    5927.0,    5927.0,    5864.0,    5927.0,    6028.0,    6028.0,    6028.0,    6028.0,    6028.0,    6028.0,    6001.0,    6001.0,    6001.0,    6001.0,    5949.0,    1323.0,    6001.0,    4379.0,    4379.0,    1692.0,    4379.0,    8701.0,    8562.0,    9322.0,    8507.0,   12094.0,   10348.0,    5900.0,    8560.0,    5875.0,    8715.0,       0.0,    6028.0
       0.0,       0.0,       0.0,       0.0,       0.0,       0.0,       0.0,       0.0,       0.0,       0.0,       0.0,       0.0,       0.0,       0.0,       0.0,       0.0,       0.0,       0.0,       0.0,       0.0,       0.0,       0.0,       0.0,       0.0,       0.0,       0.0,       0.0,       0.0,       0.0,       0.0,       0.0,       0.0,       0.0,       0.0,       0.0,       0.0,       0.0,       0.0,       0.0,       0.0,       0.0,       0.0,       0.0,       0.0,       0.0,       0.0,       0.0,       0.0,       0.0,    4864.0,    5203.0,    4869.0,    4889.0,    4747.0,    4880.0,    4889.0,    4889.0,    4733.0,    4842.0,    5152.0,    5152.0,    5115.0,    5091.0,    5123.0,    5152.0,    5125.0,    5125.0,    5125.0,    5125.0,    4970.0,     604.0,    5125.0,    1719.0,    1719.0,    1700.0,    1721.0,    4955.0,    4766.0,    4766.0,    4716.0,    4866.0,    4976.0,    4864.0,    4854.0,    4747.0,    5037.0,       0.0,    5152.0
       0.0,       0.0,       0.0,       0.0,       0.0,       0.0,       0.0,       0.0,       0.0,       0.0,       0.0,       0.0,       0.0,       0.0,       0.0,       0.0,       0.0,       0.0,       0.0,       0.0,       0.0,       0.0,       0.0,       0.0,       0.0,       0.0,       0.0,       0.0,       0.0,       0.0,       0.0,       0.0,       0.0,       0.0,       0.0,       0.0,       0.0,       0.0,       0.0,       0.0,       0.0,       0.0,       0.0,       0.0,       0.0,       0.0,       0.0,       0.0,       0.0,       0.0,    7855.0,    8247.0,    8267.0,    8123.0,    6850.0,    8265.0,    8265.0,    8058.0,    8218.0,    7446.0,    7446.0,    7432.0,    7385.0,    7417.0,    7425.0,    7602.0,    7602.0,    7602.0,    7581.0,    7447.0,    2924.0,    7581.0,    1692.0,    1692.0,    3196.0,    1694.0,    6050.0,    5909.0,    5909.0,    5958.0,    5963.0,    5963.0,    8984.0,    7075.0,    7278.0,    6857.0,       0.0,    7446.0
       0.0,       0.0,       0.0,       0.0,       0.0,       0.0,       0.0,       0.0,       0.0,       0.0,       0.0,       0.0,       0.0,       0.0,       0.0,       0.0,       0.0,       0.0,       0.0,       0.0,       0.0,       0.0,       0.0,       0.0,       0.0,       0.0,       0.0,       0.0,       0.0,       0.0,       0.0,       0.0,       0.0,       0.0,       0.0,       0.0,       0.0,       0.0,       0.0,       0.0,       0.0,       0.0,       0.0,       0.0,       0.0,       0.0,       0.0,       0.0,       0.0,       0.0,       0.0,    4760.0,    4780.0,    4725.0,    4771.0,    4780.0,    4780.0,    4712.0,    4733.0,    4907.0,    4907.0,    4893.0,    4846.0,    4879.0,    4907.0,    4880.0,    4880.0,    4880.0,    4880.0,    4813.0,     372.0,    4880.0,    1719.0,    1719.0,    1700.0,    1721.0,    4744.0,    4696.0,    4696.0,    4702.0,    4744.0,    4841.0,    4753.0,    4745.0,    4677.0,    4775.0,       0.0,    4907.0
       0.0,       0.0,       0.0,       0.0,       0.0,       0.0,       0.0,       0.0,       0.0,       0.0,       0.0,       0.0,       0.0,       0.0,       0.0,       0.0,       0.0,       0.0,       0.0,       0.0,       0.0,       0.0,       0.0,       0.0,       0.0,       0.0,       0.0,       0.0,       0.0,       0.0,       0.0,       0.0,       0.0,       0.0,       0.0,       0.0,       0.0,       0.0,       0.0,       0.0,       0.0,       0.0,       0.0,       0.0,       0.0,       0.0,       0.0,       0.0,       0.0,       0.0,       0.0,       0.0,    9311.0,    8252.0,    7159.0,    9201.0,    9201.0,    8820.0,    9156.0,    7457.0,    7457.0,    7457.0,    7412.0,    7428.0,    7436.0,    7430.0,    7430.0,    7430.0,    7409.0,    7291.0,    2752.0,    7409.0,    1719.0,    1719.0,    3040.0,    1719.0,    6059.0,    5920.0,    5920.0,    5942.0,    5974.0,    5947.0,    8251.0,    7011.0,    7262.0,    6866.0,       0.0,    7457.0
       0.0,       0.0,       0.0,       0.0,       0.0,       0.0,       0.0,       0.0,       0.0,       0.0,       0.0,       0.0,       0.0,       0.0,       0.0,       0.0,       0.0,       0.0,       0.0,       0.0,       0.0,       0.0,       0.0,       0.0,       0.0,       0.0,       0.0,       0.0,       0.0,       0.0,       0.0,       0.0,       0.0,       0.0,       0.0,       0.0,       0.0,       0.0,       0.0,       0.0,       0.0,       0.0,       0.0,       0.0,       0.0,       0.0,       0.0,       0.0,       0.0,       0.0,       0.0,       0.0,       0.0,    8258.0,    7175.0,    9217.0,    9217.0,    8820.0,    9170.0,    7473.0,    7473.0,    7459.0,    7412.0,    7444.0,    7452.0,    7446.0,    7446.0,    7446.0,    7425.0,    7291.0,    2768.0,    7425.0,    1719.0,    1719.0,    3040.0,    1721.0,    6075.0,    5936.0,    5936.0,    5958.0,    5990.0,    5963.0,    8267.0,    7027.0,    7278.0,    6882.0,       0.0,    7473.0
       0.0,       0.0,       0.0,       0.0,       0.0,       0.0,       0.0,       0.0,       0.0,       0.0,       0.0,       0.0,       0.0,       0.0,       0.0,       0.0,       0.0,       0.0,       0.0,       0.0,       0.0,       0.0,       0.0,       0.0,       0.0,       0.0,       0.0,       0.0,       0.0,       0.0,       0.0,       0.0,       0.0,       0.0,       0.0,       0.0,       0.0,       0.0,       0.0,       0.0,       0.0,       0.0,       0.0,       0.0,       0.0,       0.0,       0.0,       0.0,       0.0,       0.0,       0.0,       0.0,       0.0,       0.0,    6841.0,    8148.0,    8148.0,    8040.0,    8148.0,    7329.0,    7329.0,    7325.0,    7325.0,    7300.0,    7308.0,    7302.0,    7302.0,    7302.0,    7281.0,    7246.0,    2624.0,    7281.0,    1719.0,    1719.0,    3040.0,    1719.0,    5931.0,    5879.0,    5879.0,    5901.0,    5931.0,    5904.0,    8121.0,    6881.0,    7221.0,    6738.0,       0.0,    7329.0
       0.0,       0.0,       0.0,       0.0,       0.0,       0.0,       0.0,       0.0,       0.0,       0.0,       0.0,       0.0,       0.0,       0.0,       0.0,       0.0,       0.0,       0.0,       0.0,       0.0,       0.0,       0.0,       0.0,       0.0,       0.0,       0.0,       0.0,       0.0,       0.0,       0.0,       0.0,       0.0,       0.0,       0.0,       0.0,       0.0,       0.0,       0.0,       0.0,       0.0,       0.0,       0.0,       0.0,       0.0,       0.0,       0.0,       0.0,       0.0,       0.0,       0.0,       0.0,       0.0,       0.0,       0.0,       0.0,    7067.0,    7067.0,    6671.0,    7020.0,    6058.0,    6058.0,    6044.0,    5997.0,    6029.0,    6037.0,    6031.0,    6031.0,    6031.0,    6010.0,    5884.0,    1353.0,    6010.0,    1719.0,    1719.0,    1692.0,    1721.0,    6008.0,    5869.0,    5869.0,    5892.0,    5921.0,    5894.0,    6850.0,    6958.0,    5863.0,    6815.0,       0.0,    6058.0
       0.0,       0.0,       0.0,       0.0,       0.0,       0.0,       0.0,       0.0,       0.0,       0.0,       0.0,       0.0,       0.0,       0.0,       0.0,       0.0,       0.0,       0.0,       0.0,       0.0,       0.0,       0.0,       0.0,       0.0,       0.0,       0.0,       0.0,       0.0,       0.0,       0.0,       0.0,       0.0,       0.0,       0.0,       0.0,       0.0,       0.0,       0.0,       0.0,       0.0,       0.0,       0.0,       0.0,       0.0,       0.0,       0.0,       0.0,       0.0,       0.0,       0.0,       0.0,       0.0,       0.0,       0.0,       0.0,       0.0,    9292.0,    8895.0,    9245.0,    7473.0,    7473.0,    7459.0,    7412.0,    7444.0,    7452.0,    7446.0,    7446.0,    7446.0,    7425.0,    7291.0,    2768.0,    7425.0,    1719.0,    1719.0,    3040.0,    1721.0,    6075.0,    5936.0,    5936.0,    5958.0,    5988.0,    5961.0,    8265.0,    6917.0,    7278.0,    6882.0,       0.0,    7473.0
       0.0,       0.0,       0.0,       0.0,       0.0,       0.0,       0.0,       0.0,       0.0,       0.0,       0.0,       0.0,       0.0,       0.0,       0.0,       0.0,       0.0,       0.0,       0.0,       0.0,       0.0,       0.0,       0.0,       0.0,       0.0,       0.0,       0.0,       0.0,       0.0,       0.0,       0.0,       0.0,       0.0,       0.0,       0.0,       0.0,       0.0,       0.0,       0.0,       0.0,       0.0,       0.0,       0.0,       0.0,       0.0,       0.0,       0.0,       0.0,       0.0,       0.0,       0.0,       0.0,       0.0,       0.0,       0.0,       0.0,       0.0,    8895.0,    9245.0,    7473.0,    7473.0,    7459.0,    7412.0,    7444.0,    7452.0,    7446.0,    7446.0,    7446.0,    7425.0,    7291.0,    2768.0,    7425.0,    1719.0,    1719.0,    3040.0,    1721.0,    6075.0,    5936.0,    5936.0,    5958.0,    5988.0,    5961.0,    8265.0,    6917.0,    7278.0,    6882.0,       0.0,    7473.0
       0.0,       0.0,       0.0,       0.0,       0.0,       0.0,       0.0,       0.0,       0.0,       0.0,       0.0,       0.0,       0.0,       0.0,       0.0,       0.0,       0.0,       0.0,       0.0,       0.0,       0.0,       0.0,       0.0,       0.0,       0.0,       0.0,       0.0,       0.0,       0.0,       0.0,       0.0,       0.0,       0.0,       0.0,       0.0,       0.0,       0.0,       0.0,       0.0,       0.0,       0.0,       0.0,       0.0,       0.0,       0.0,       0.0,       0.0,       0.0,       0.0,       0.0,       0.0,       0.0,       0.0,       0.0,       0.0,       0.0,       0.0,       0.0,    8849.0,    7306.0,    7306.0,    7306.0,    7261.0,    7277.0,    7285.0,    7280.0,    7280.0,    7280.0,    7259.0,    7280.0,    2602.0,    7259.0,    1718.0,    1718.0,    3040.0,    1718.0,    5908.0,    5908.0,    5908.0,    5932.0,    5908.0,    5882.0,    8058.0,    6710.0,    7251.0,    6715.0,       0.0,    7306.0
       0.0,       0.0,       0.0,       0.0,       0.0,       0.0,       0.0,       0.0,       0.0,       0.0,       0.0,       0.0,       0.0,       0.0,       0.0,       0.0,       0.0,       0.0,       0.0,       0.0,       0.0,       0.0,       0.0,       0.0,       0.0,       0.0,       0.0,       0.0,       0.0,       0.0,       0.0,       0.0,       0.0,       0.0,       0.0,       0.0,       0.0,       0.0,       0.0,       0.0,       0.0,       0.0,       0.0,       0.0,       0.0,       0.0,       0.0,       0.0,       0.0,       0.0,       0.0,       0.0,       0.0,       0.0,       0.0,       0.0,       0.0,       0.0,       0.0,    7426.0,    7426.0,    7412.0,    7412.0,    7397.0,    7405.0,    7399.0,    7399.0,    7399.0,    7378.0,    7246.0,    2721.0,    7378.0,    1719.0,    1719.0,    3040.0,    1719.0,    6028.0,    5889.0,    5889.0,    5911.0,    5941.0,    5914.0,    8218.0,    6870.0,    7231.0,    6835.0,       0.0,    7426.0
       0.0,       0.0,       0.0,       0.0,       0.0,       0.0,       0.0,       0.0,       0.0,       0.0,       0.0,       0.0,       0.0,       0.0,       0.0,       0.0,       0.0,       0.0,       0.0,       0.0,       0.0,       0.0,       0.0,       0.0,       0.0,       0.0,       0.0,       0.0,       0.0,       0.0,       0.0,       0.0,       0.0,       0.0,       0.0,       0.0,       0.0,       0.0,       0.0,       0.0,       0.0,       0.0,       0.0,       0.0,       0.0,       0.0,       0.0,       0.0,       0.0,       0.0,       0.0,       0.0,       0.0,       0.0,       0.0,       0.0,       0.0,       0.0,       0.0,       0.0,    9712.0,    9534.0,    9527.0,    9559.0,    9567.0,    9065.0,    9065.0,    8522.0,    8501.0,    8050.0,    3844.0,    8501.0,    1719.0,    1719.0,    3040.0,    1721.0,    6111.0,    5961.0,    5961.0,    5960.0,    6024.0,    6629.0,    7446.0,    6100.0,    7303.0,    6165.0,       0.0,    9588.0
       0.0,       0.0,       0.0,       0.0,       0.0,       0.0,       0.0,       0.0,       0.0,       0.0,       0.0,       0.0,       0.0,       0.0,       0.0,       0.0,       0.0,       0.0,       0.0,       0.0,       0.0,       0.0,       0.0,       0.0,       0.0,       0.0,       0.0,       0.0,       0.0,       0.0,       0.0,       0.0,       0.0,       0.0,       0.0,       0.0,       0.0,       0.0,       0.0,       0.0,       0.0,       0.0,       0.0,       0.0,       0.0,       0.0,       0.0,       0.0,       0.0,       0.0,       0.0,       0.0,       0.0,       0.0,       0.0,       0.0,       0.0,       0.0,       0.0,       0.0,       0.0,    9115.0,    9108.0,    9140.0,    9148.0,    8968.0,    8968.0,    8425.0,    8404.0,    8050.0,    3747.0,    8404.0,    1719.0,    1719.0,    3040.0,    1721.0,    6111.0,    5961.0,    5961.0,    5960.0,    6024.0,    6629.0,    7446.0,    6100.0,    7303.0,    6165.0,       0.0,    9169.0
       0.0,       0.0,       0.0,       0.0,       0.0,       0.0,       0.0,       0.0,       0.0,       0.0,       0.0,       0.0,       0.0,       0.0,       0.0,       0.0,       0.0,       0.0,       0.0,       0.0,       0.0,       0.0,       0.0,       0.0,       0.0,       0.0,       0.0,       0.0,       0.0,       0.0,       0.0,       0.0,       0.0,       0.0,       0.0,       0.0,       0.0,       0.0,       0.0,       0.0,       0.0,       0.0,       0.0,       0.0,       0.0,       0.0,       0.0,       0.0,       0.0,       0.0,       0.0,       0.0,       0.0,       0.0,       0.0,       0.0,       0.0,       0.0,       0.0,       0.0,       0.0,       0.0,    9489.0,    9507.0,    9515.0,    8470.0,    8470.0,    8470.0,    8449.0,    8012.0,    3792.0,    8449.0,    1719.0,    1719.0,    3040.0,    1721.0,    6097.0,    5926.0,    5926.0,    5948.0,    6010.0,    6598.0,    7432.0,    6086.0,    7268.0,    6130.0,       0.0,    9536.0
       0.0,       0.0,       0.0,       0.0,       0.0,       0.0,       0.0,       0.0,       0.0,       0.0,       0.0,       0.0,       0.0,       0.0,       0.0,       0.0,       0.0,       0.0,       0.0,       0.0,       0.0,       0.0,       0.0,       0.0,       0.0,       0.0,       0.0,       0.0,       0.0,       0.0,       0.0,       0.0,       0.0,       0.0,       0.0,       0.0,       0.0,       0.0,       0.0,       0.0,       0.0,       0.0,       0.0,       0.0,       0.0,       0.0,       0.0,       0.0,       0.0,       0.0,       0.0,       0.0,       0.0,       0.0,       0.0,       0.0,       0.0,       0.0,       0.0,       0.0,       0.0,       0.0,       0.0,    9498.0,    9506.0,    8461.0,    8461.0,    8461.0,    8440.0,    8005.0,    3783.0,    8440.0,    1719.0,    1719.0,    3040.0,    1719.0,    6050.0,    5900.0,    5900.0,    5899.0,    5963.0,    6568.0,    7385.0,    6039.0,    7242.0,    6104.0,       0.0,    9527.0
       0.0,       0.0,       0.0,       0.0,       0.0,       0.0,       0.0,       0.0,       0.0,       0.0,       0.0,       0.0,       0.0,       0.0,       0.0,       0.0,       0.0,       0.0,       0.0,       0.0,       0.0,       0.0,       0.0,       0.0,       0.0,       0.0,       0.0,       0.0,       0.0,       0.0,       0.0,       0.0,       0.0,       0.0,       0.0,       0.0,       0.0,       0.0,       0.0,       0.0,       0.0,       0.0,       0.0,       0.0,       0.0,       0.0,       0.0,       0.0,       0.0,       0.0,       0.0,       0.0,       0.0,       0.0,       0.0,       0.0,       0.0,       0.0,       0.0,       0.0,       0.0,       0.0,       0.0,       0.0,    9538.0,    8493.0,    8493.0,    8493.0,    8472.0,    8021.0,    3815.0,    8472.0,    1719.0,    1719.0,    3040.0,    1721.0,    6111.0,    5961.0,    5961.0,    5931.0,    6024.0,    6629.0,    7417.0,    6071.0,    7303.0,    6136.0,       0.0,    9559.0
       0.0,       0.0,       0.0,       0.0,       0.0,       0.0,       0.0,       0.0,       0.0,       0.0,       0.0,       0.0,       0.0,       0.0,       0.0,       0.0,       0.0,       0.0,       0.0,       0.0,       0.0,       0.0,       0.0,       0.0,       0.0,       0.0,       0.0,       0.0,       0.0,       0.0,       0.0,       0.0,       0.0,       0.0,       0.0,       0.0,       0.0,       0.0,       0.0,       0.0,       0.0,       0.0,       0.0,       0.0,       0.0,       0.0,       0.0,       0.0,       0.0,       0.0,       0.0,       0.0,       0.0,       0.0,       0.0,       0.0,       0.0,       0.0,       0.0,       0.0,       0.0,       0.0,       0.0,       0.0,       0.0,    8501.0,    8501.0,    8605.0,    8605.0,    8133.0,    3927.0,    8605.0,    1719.0,    1719.0,    3040.0,    1721.0,    6111.0,    5961.0,    5961.0,    5939.0,    6024.0,    6629.0,    7425.0,    6079.0,    7282.0,    6165.0,       0.0,    9567.0
       0.0,       0.0,       0.0,       0.0,       0.0,       0.0,       0.0,       0.0,       0.0,       0.0,       0.0,       0.0,       0.0,       0.0,       0.0,       0.0,       0.0,       0.0,       0.0,       0.0,       0.0,       0.0,       0.0,       0.0,       0.0,       0.0,       0.0,       0.0,       0.0,       0.0,       0.0,       0.0,       0.0,       0.0,       0.0,       0.0,       0.0,       0.0,       0.0,       0.0,       0.0,       0.0,       0.0,       0.0,       0.0,       0.0,       0.0,       0.0,       0.0,       0.0,       0.0,       0.0,       0.0,       0.0,       0.0,       0.0,       0.0,       0.0,       0.0,       0.0,       0.0,       0.0,       0.0,       0.0,       0.0,       0.0,   10429.0,    9886.0,    9668.0,    9028.0,    5208.0,    9865.0,    1692.0,    1692.0,    3196.0,    1694.0,    6084.0,    6131.0,    6131.0,    5960.0,    5997.0,    6629.0,    7602.0,    6256.0,    7500.0,    6138.0,       0.0,    8517.0
       0.0,       0.0,       0.0,       0.0,       0.0,       0.0,       0.0,       0.0,       0.0,       0.0,       0.0,       0.0,       0.0,       0.0,       0.0,       0.0,       0.0,       0.0,       0.0,       0.0,       0.0,       0.0,       0.0,       0.0,       0.0,       0.0,       0.0,       0.0,       0.0,       0.0,       0.0,       0.0,       0.0,       0.0,       0.0,       0.0,       0.0,       0.0,       0.0,       0.0,       0.0,       0.0,       0.0,       0.0,       0.0,       0.0,       0.0,       0.0,       0.0,       0.0,       0.0,       0.0,       0.0,       0.0,       0.0,       0.0,       0.0,       0.0,       0.0,       0.0,       0.0,       0.0,       0.0,       0.0,       0.0,       0.0,       0.0,    9886.0,    9668.0,    9028.0,    5208.0,    9865.0,    1692.0,    1692.0,    3196.0,    1694.0,    6084.0,    6131.0,    6131.0,    5960.0,    5997.0,    6629.0,    7602.0,    6256.0,    7500.0,    6138.0,       0.0,    8517.0
       0.0,       0.0,       0.0,       0.0,       0.0,       0.0,       0.0,       0.0,       0.0,       0.0,       0.0,       0.0,       0.0,       0.0,       0.0,       0.0,       0.0,       0.0,       0.0,       0.0,       0.0,       0.0,       0.0,       0.0,       0.0,       0.0,       0.0,       0.0,       0.0,       0.0,       0.0,       0.0,       0.0,       0.0,       0.0,       0.0,       0.0,       0.0,       0.0,       0.0,       0.0,       0.0,       0.0,       0.0,       0.0,       0.0,       0.0,       0.0,       0.0,       0.0,       0.0,       0.0,       0.0,       0.0,       0.0,       0.0,       0.0,       0.0,       0.0,       0.0,       0.0,       0.0,       0.0,       0.0,       0.0,       0.0,       0.0,       0.0,    9772.0,    9132.0,    5312.0,    9969.0,    1692.0,    1692.0,    3196.0,    1694.0,    6084.0,    6131.0,    6131.0,    5960.0,    5997.0,    6629.0,    7602.0,    6256.0,    7500.0,    6138.0,       0.0,    8517.0
       0.0,       0.0,       0.0,       0.0,       0.0,       0.0,       0.0,       0.0,       0.0,       0.0,       0.0,       0.0,       0.0,       0.0,       0.0,       0.0,       0.0,       0.0,       0.0,       0.0,       0.0,       0.0,       0.0,       0.0,       0.0,       0.0,       0.0,       0.0,       0.0,       0.0,       0.0,       0.0,       0.0,       0.0,       0.0,       0.0,       0.0,       0.0,       0.0,       0.0,       0.0,       0.0,       0.0,       0.0,       0.0,       0.0,       0.0,       0.0,       0.0,       0.0,       0.0,       0.0,       0.0,       0.0,       0.0,       0.0,       0.0,       0.0,       0.0,       0.0,       0.0,       0.0,       0.0,       0.0,       0.0,       0.0,       0.0,       0.0,       0.0,    8914.0,    5094.0,    9772.0,    1692.0,    1692.0,    3196.0,    1694.0,    6084.0,    5934.0,    5934.0,    5939.0,    5997.0,    6629.0,    7581.0,    6235.0,    7282.0,    6138.0,       0.0,    8496.0
       0.0,       0.0,       0.0,       0.0,       0.0,       0.0,       0.0,       0.0,       0.0,       0.0,       0.0,       0.0,       0.0,       0.0,       0.0,       0.0,       0.0,       0.0,       0.0,       0.0,       0.0,       0.0,       0.0,       0.0,       0.0,       0.0,       0.0,       0.0,       0.0,       0.0,       0.0,       0.0,       0.0,       0.0,       0.0,       0.0,       0.0,       0.0,       0.0,       0.0,       0.0,       0.0,       0.0,       0.0,       0.0,       0.0,       0.0,       0.0,       0.0,       0.0,       0.0,       0.0,       0.0,       0.0,       0.0,       0.0,       0.0,       0.0,       0.0,       0.0,       0.0,       0.0,       0.0,       0.0,       0.0,       0.0,       0.0,       0.0,       0.0,       0.0,    4454.0,    9111.0,    1692.0,    1692.0,    3196.0,    1692.0,    5929.0,    6115.0,    6115.0,    5944.0,    5929.0,    6561.0,    7447.0,    6099.0,    7484.0,    5983.0,       0.0,    8050.0
       0.0,       0.0,       0.0,       0.0,       0.0,       0.0,       0.0,       0.0,       0.0,       0.0,       0.0,       0.0,       0.0,       0.0,       0.0,       0.0,       0.0,       0.0,       0.0,       0.0,       0.0,       0.0,       0.0,       0.0,       0.0,       0.0,       0.0,       0.0,       0.0,       0.0,       0.0,       0.0,       0.0,       0.0,       0.0,       0.0,       0.0,       0.0,       0.0,       0.0,       0.0,       0.0,       0.0,       0.0,       0.0,       0.0,       0.0,       0.0,       0.0,       0.0,       0.0,       0.0,       0.0,       0.0,       0.0,       0.0,       0.0,       0.0,       0.0,       0.0,       0.0,       0.0,       0.0,       0.0,       0.0,       0.0,       0.0,       0.0,       0.0,       0.0,       0.0,    1687.0,       0.0,       0.0,     235.0,       2.0,     430.0,     477.0,     477.0,     285.0,     343.0,     517.0,     658.0,     581.0,     556.0,     484.0,       0.0,    1040.0
       0.0,       0.0,       0.0,       0.0,       0.0,       0.0,       0.0,       0.0,       0.0,       0.0,       0.0,       0.0,       0.0,       0.0,       0.0,       0.0,       0.0,       0.0,       0.0,       0.0,       0.0,       0.0,       0.0,       0.0,       0.0,       0.0,       0.0,       0.0,       0.0,       0.0,       0.0,       0.0,       0.0,       0.0,       0.0,       0.0,       0.0,       0.0,       0.0,       0.0,       0.0,       0.0,       0.0,       0.0,       0.0,       0.0,       0.0,       0.0,       0.0,       0.0,       0.0,       0.0,       0.0,       0.0,       0.0,       0.0,       0.0,       0.0,       0.0,       0.0,       0.0,       0.0,       0.0,       0.0,       0.0,       0.0,       0.0,       0.0,       0.0,       0.0,       0.0,       0.0,    1692.0,    1692.0,    3196.0,    1694.0,    6084.0,    6131.0,    6131.0,    5939.0,    5997.0,    6629.0,    7581.0,    6235.0,    7479.0,    6138.0,       0.0,    8496.0
       0.0,       0.0,       0.0,       0.0,       0.0,       0.0,       0.0,       0.0,       0.0,       0.0,       0.0,       0.0,       0.0,       0.0,       0.0,       0.0,       0.0,       0.0,       0.0,       0.0,       0.0,       0.0,       0.0,       0.0,       0.0,       0.0,       0.0,       0.0,       0.0,       0.0,       0.0,       0.0,       0.0,       0.0,       0.0,       0.0,       0.0,       0.0,       0.0,       0.0,       0.0,       0.0,       0.0,       0.0,       0.0,       0.0,       0.0,       0.0,       0.0,       0.0,       0.0,       0.0,       0.0,       0.0,       0.0,       0.0,       0.0,       0.0,       0.0,       0.0,       0.0,       0.0,       0.0,       0.0,       0.0,       0.0,       0.0,       0.0,       0.0,       0.0,       0.0,       0.0,       0.0,   12872.0,    5246.0,    8846.0,    4459.0,    4459.0,    4459.0,    4400.0,    4459.0,    4432.0,    1740.0,    4342.0,    1682.0,    4459.0,       0.0,    1709.0
       0.0,       0.0,       0.0,       0.0,       0.0,       0.0,       0.0,       0.0,       0.0,       0.0,       0.0,       0.0,       0.0,       0.0,       0.0,       0.0,       0.0,       0.0,       0.0,       0.0,       0.0,       0.0,       0.0,       0.0,       0.0,       0.0,       0.0,       0.0,       0.0,       0.0,       0.0,       0.0,       0.0,       0.0,       0.0,       0.0,       0.0,       0.0,       0.0,       0.0,       0.0,       0.0,       0.0,       0.0,       0.0,       0.0,       0.0,       0.0,       0.0,       0.0,       0.0,       0.0,       0.0,       0.0,       0.0,       0.0,       0.0,       0.0,       0.0,       0.0,       0.0,       0.0,       0.0,       0.0,       0.0,       0.0,       0.0,       0.0,       0.0,       0.0,       0.0,       0.0,       0.0,       0.0,    5246.0,    8846.0,    4459.0,    4459.0,    4459.0,    4400.0,    4459.0,    4432.0,    1740.0,    4342.0,    1682.0,    4459.0,       0.0,    1709.0
       0.0,       0.0,       0.0,       0.0,       0.0,       0.0,       0.0,       0.0,       0.0,       0.0,       0.0,       0.0,       0.0,       0.0,       0.0,       0.0,       0.0,       0.0,       0.0,       0.0,       0.0,       0.0,       0.0,       0.0,       0.0,       0.0,       0.0,       0.0,       0.0,       0.0,       0.0,       0.0,       0.0,       0.0,       0.0,       0.0,       0.0,       0.0,       0.0,       0.0,       0.0,       0.0,       0.0,       0.0,       0.0,       0.0,       0.0,       0.0,       0.0,       0.0,       0.0,       0.0,       0.0,       0.0,       0.0,       0.0,       0.0,       0.0,       0.0,       0.0,       0.0,       0.0,       0.0,       0.0,       0.0,       0.0,       0.0,       0.0,       0.0,       0.0,       0.0,       0.0,       0.0,       0.0,       0.0,    5340.0,    1740.0,    1740.0,    1740.0,    1740.0,    1740.0,    1740.0,    3248.0,    1842.0,    3030.0,    1740.0,       0.0,    3030.0
       0.0,       0.0,       0.0,       0.0,       0.0,       0.0,       0.0,       0.0,       0.0,       0.0,       0.0,       0.0,       0.0,       0.0,       0.0,       0.0,       0.0,       0.0,       0.0,       0.0,       0.0,       0.0,       0.0,       0.0,       0.0,       0.0,       0.0,       0.0,       0.0,       0.0,       0.0,       0.0,       0.0,       0.0,       0.0,       0.0,       0.0,       0.0,       0.0,       0.0,       0.0,       0.0,       0.0,       0.0,       0.0,       0.0,       0.0,       0.0,       0.0,       0.0,       0.0,       0.0,       0.0,       0.0,       0.0,       0.0,       0.0,       0.0,       0.0,       0.0,       0.0,       0.0,       0.0,       0.0,       0.0,       0.0,       0.0,       0.0,       0.0,       0.0,       0.0,       0.0,       0.0,       0.0,       0.0,       0.0,    4371.0,    4371.0,    4371.0,    4344.0,    4371.0,    4344.0,    1684.0,    4392.0,    1684.0,    4371.0,       0.0,    1711.0
       0.0,       0.0,       0.0,       0.0,       0.0,       0.0,       0.0,       0.0,       0.0,       0.0,       0.0,       0.0,       0.0,       0.0,       0.0,       0.0,       0.0,       0.0,       0.0,       0.0,       0.0,       0.0,       0.0,       0.0,       0.0,       0.0,       0.0,       0.0,       0.0,       0.0,       0.0,       0.0,       0.0,       0.0,       0.0,       0.0,       0.0,       0.0,       0.0,       0.0,       0.0,       0.0,       0.0,       0.0,       0.0,       0.0,       0.0,       0.0,       0.0,       0.0,       0.0,       0.0,       0.0,       0.0,       0.0,       0.0,       0.0,       0.0,       0.0,       0.0,       0.0,       0.0,       0.0,       0.0,       0.0,       0.0,       0.0,       0.0,       0.0,       0.0,       0.0,       0.0,       0.0,       0.0,       0.0,       0.0,       0.0,    8699.0,    8708.0,    8626.0,    8839.0,    8812.0,    6108.0,    8708.0,    5922.0,    8950.0,       0.0,    6176.0
       0.0,       0.0,       0.0,       0.0,       0.0,       0.0,       0.0,       0.0,       0.0,       0.0,       0.0,       0.0,       0.0,       0.0,       0.0,       0.0,       0.0,       0.0,       0.0,       0.0,       0.0,       0.0,       0.0,       0.0,       0.0,       0.0,       0.0,       0.0,       0.0,       0.0,       0.0,       0.0,       0.0,       0.0,       0.0,       0.0,       0.0,       0.0,       0.0,       0.0,       0.0,       0.0,       0.0,       0.0,       0.0,       0.0,       0.0,       0.0,       0.0,       0.0,       0.0,       0.0,       0.0,       0.0,       0.0,       0.0,       0.0,       0.0,       0.0,       0.0,       0.0,       0.0,       0.0,       0.0,       0.0,       0.0,       0.0,       0.0,       0.0,       0.0,       0.0,       0.0,       0.0,       0.0,       0.0,       0.0,       0.0,       0.0,    9166.0,    8744.0,    8727.0,    8700.0,    6007.0,    8609.0,    7344.0,    9422.0,       0.0,    6001.0
       0.0,       0.0,       0.0,       0.0,       0.0,       0.0,       0.0,       0.0,       0.0,       0.0,       0.0,       0.0,       0.0,       0.0,       0.0,       0.0,       0.0,       0.0,       0.0,       0.0,       0.0,       0.0,       0.0,       0.0,       0.0,       0.0,       0.0,       0.0,       0.0,       0.0,       0.0,       0.0,       0.0,       0.0,       0.0,       0.0,       0.0,       0.0,       0.0,       0.0,       0.0,       0.0,       0.0,       0.0,       0.0,       0.0,       0.0,       0.0,       0.0,       0.0,       0.0,       0.0,       0.0,       0.0,       0.0,       0.0,       0.0,       0.0,       0.0,       0.0,       0.0,       0.0,       0.0,       0.0,       0.0,       0.0,       0.0,       0.0,       0.0,       0.0,       0.0,       0.0,       0.0,       0.0,       0.0,       0.0,       0.0,       0.0,       0.0,    8710.0,    8727.0,    8700.0,    6007.0,    8609.0,    6398.0,    8816.0,       0.0,    6001.0
       0.0,       0.0,       0.0,       0.0,       0.0,       0.0,       0.0,       0.0,       0.0,       0.0,       0.0,       0.0,       0.0,       0.0,       0.0,       0.0,       0.0,       0.0,       0.0,       0.0,       0.0,       0.0,       0.0,       0.0,       0.0,       0.0,       0.0,       0.0,       0.0,       0.0,       0.0,       0.0,       0.0,       0.0,       0.0,       0.0,       0.0,       0.0,       0.0,       0.0,       0.0,       0.0,       0.0,       0.0,       0.0,       0.0,       0.0,       0.0,       0.0,       0.0,       0.0,       0.0,       0.0,       0.0,       0.0,       0.0,       0.0,       0.0,       0.0,       0.0,       0.0,       0.0,       0.0,       0.0,       0.0,       0.0,       0.0,       0.0,       0.0,       0.0,       0.0,       0.0,       0.0,       0.0,       0.0,       0.0,       0.0,       0.0,       0.0,       0.0,    8626.0,    8626.0,    6016.0,    8618.0,    6533.0,    8658.0,       0.0,    5961.0
       0.0,       0.0,       0.0,       0.0,       0.0,       0.0,       0.0,       0.0,       0.0,       0.0,       0.0,       0.0,       0.0,       0.0,       0.0,       0.0,       0.0,       0.0,       0.0,       0.0,       0.0,       0.0,       0.0,       0.0,       0.0,       0.0,       0.0,       0.0,       0.0,       0.0,       0.0,       0.0,       0.0,       0.0,       0.0,       0.0,       0.0,       0.0,       0.0,       0.0,       0.0,       0.0,       0.0,       0.0,       0.0,       0.0,       0.0,       0.0,       0.0,       0.0,       0.0,       0.0,       0.0,       0.0,       0.0,       0.0,       0.0,       0.0,       0.0,       0.0,       0.0,       0.0,       0.0,       0.0,       0.0,       0.0,       0.0,       0.0,       0.0,       0.0,       0.0,       0.0,       0.0,       0.0,       0.0,       0.0,       0.0,       0.0,       0.0,       0.0,       0.0,   12194.0,    6061.0,    9009.0,    5950.0,    8880.0,       0.0,    6129.0
       0.0,       0.0,       0.0,       0.0,       0.0,       0.0,       0.0,       0.0,       0.0,       0.0,       0.0,       0.0,       0.0,       0.0,       0.0,       0.0,       0.0,       0.0,       0.0,       0.0,       0.0,       0.0,       0.0,       0.0,       0.0,       0.0,       0.0,       0.0,       0.0,       0.0,       0.0,       0.0,       0.0,       0.0,       0.0,       0.0,       0.0,       0.0,       0.0,       0.0,       0.0,       0.0,       0.0,       0.0,       0.0,       0.0,       0.0,       0.0,       0.0,       0.0,       0.0,       0.0,       0.0,       0.0,       0.0,       0.0,       0.0,       0.0,       0.0,       0.0,       0.0,       0.0,       0.0,       0.0,       0.0,       0.0,       0.0,       0.0,       0.0,       0.0,       0.0,       0.0,       0.0,       0.0,       0.0,       0.0,       0.0,       0.0,       0.0,       0.0,       0.0,       0.0,    6061.0,    9009.0,    5950.0,    8853.0,       0.0,    6734.0
       0.0,       0.0,       0.0,       0.0,       0.0,       0.0,       0.0,       0.0,       0.0,       0.0,       0.0,       0.0,       0.0,       0.0,       0.0,       0.0,       0.0,       0.0,       0.0,       0.0,       0.0,       0.0,       0.0,       0.0,       0.0,       0.0,       0.0,       0.0,       0.0,       0.0,       0.0,       0.0,       0.0,       0.0,       0.0,       0.0,       0.0,       0.0,       0.0,       0.0,       0.0,       0.0,       0.0,       0.0,       0.0,       0.0,       0.0,       0.0,       0.0,       0.0,       0.0,       0.0,       0.0,       0.0,       0.0,       0.0,       0.0,       0.0,       0.0,       0.0,       0.0,       0.0,       0.0,       0.0,       0.0,       0.0,       0.0,       0.0,       0.0,       0.0,       0.0,       0.0,       0.0,       0.0,       0.0,       0.0,       0.0,       0.0,       0.0,       0.0,       0.0,       0.0,       0.0,    7318.0,    7508.0,    6955.0,       0.0,    7707.0
       0.0,       0.0,       0.0,       0.0,       0.0,       0.0,       0.0,       0.0,       0.0,       0.0,       0.0,       0.0,       0.0,       0.0,       0.0,       0.0,       0.0,       0.0,       0.0,       0.0,       0.0,       0.0,       0.0,       0.0,       0.0,       0.0,       0.0,       0.0,       0.0,       0.0,       0.0,       0.0,       0.0,       0.0,       0.0,       0.0,       0.0,       0.0,       0.0,       0.0,       0.0,       0.0,       0.0,       0.0,       0.0,       0.0,       0.0,       0.0,       0.0,       0.0,       0.0,       0.0,       0.0,       0.0,       0.0,       0.0,       0.0,       0.0,       0.0,       0.0,       0.0,       0.0,       0.0,       0.0,       0.0,       0.0,       0.0,       0.0,       0.0,       0.0,       0.0,       0.0,       0.0,       0.0,       0.0,       0.0,       0.0,       0.0,       0.0,       0.0,       0.0,       0.0,       0.0,       0.0,    6160.0,    9555.0,       0.0,    6339.0
       0.0,       0.0,       0.0,       0.0,       0.0,       0.0,       0.0,       0.0,       0.0,       0.0,       0.0,       0.0,       0.0,       0.0,       0.0,       0.0,       0.0,       0.0,       0.0,       0.0,       0.0,       0.0,       0.0,       0.0,       0.0,       0.0,       0.0,       0.0,       0.0,       0.0,       0.0,       0.0,       0.0,       0.0,       0.0,       0.0,       0.0,       0.0,       0.0,       0.0,       0.0,       0.0,       0.0,       0.0,       0.0,       0.0,       0.0,       0.0,       0.0,       0.0,       0.0,       0.0,       0.0,       0.0,       0.0,       0.0,       0.0,       0.0,       0.0,       0.0,       0.0,       0.0,       0.0,       0.0,       0.0,       0.0,       0.0,       0.0,       0.0,       0.0,       0.0,       0.0,       0.0,       0.0,       0.0,       0.0,       0.0,       0.0,       0.0,       0.0,       0.0,       0.0,       0.0,       0.0,       0.0,    6072.0,       0.0,    7698.0
       0.0,       0.0,       0.0,       0.0,       0.0,       0.0,       0.0,       0.0,       0.0,       0.0,       0.0,       0.0,       0.0,       0.0,       0.0,       0.0,       0.0,       0.0,       0.0,       0.0,       0.0,       0.0,       0.0,       0.0,       0.0,       0.0,       0.0,       0.0,       0.0,       0.0,       0.0,       0.0,       0.0,       0.0,       0.0,       0.0,       0.0,       0.0,       0.0,       0.0,       0.0,       0.0,       0.0,       0.0,       0.0,       0.0,       0.0,       0.0,       0.0,       0.0,       0.0,       0.0,       0.0,       0.0,       0.0,       0.0,       0.0,       0.0,       0.0,       0.0,       0.0,       0.0,       0.0,       0.0,       0.0,       0.0,       0.0,       0.0,       0.0,       0.0,       0.0,       0.0,       0.0,       0.0,       0.0,       0.0,       0.0,       0.0,       0.0,       0.0,       0.0,       0.0,       0.0,       0.0,       0.0,       0.0,       0.0,    6270.0
       0.0,       0.0,       0.0,       0.0,       0.0,       0.0,       0.0,       0.0,       0.0,       0.0,       0.0,       0.0,       0.0,       0.0,       0.0,       0.0,       0.0,       0.0,       0.0,       0.0,       0.0,       0.0,       0.0,       0.0,       0.0,       0.0,       0.0,       0.0,       0.0,       0.0,       0.0,       0.0,       0.0,       0.0,       0.0,       0.0,       0.0,       0.0,       0.0,       0.0,       0.0,       0.0,       0.0,       0.0,       0.0,       0.0,       0.0,       0.0,       0.0,       0.0,       0.0,       0.0,       0.0,       0.0,       0.0,       0.0,       0.0,       0.0,       0.0,       0.0,       0.0,       0.0,       0.0,       0.0,       0.0,       0.0,       0.0,       0.0,       0.0,       0.0,       0.0,       0.0,       0.0,       0.0,       0.0,       0.0,       0.0,       0.0,       0.0,       0.0,       0.0,       0.0,       0.0,       0.0,       0.0,       0.0,       0.0,       0.0
       0.0,       0.0,       0.0,       0.0,       0.0,       0.0,       0.0,       0.0,       0.0,       0.0,       0.0,       0.0,       0.0,       0.0,       0.0,       0.0,       0.0,       0.0,       0.0,       0.0,       0.0,       0.0,       0.0,       0.0,       0.0,       0.0,       0.0,       0.0,       0.0,       0.0,       0.0,       0.0,       0.0,       0.0,       0.0,       0.0,       0.0,       0.0,       0.0,       0.0,       0.0,       0.0,       0.0,       0.0,       0.0,       0.0,       0.0,       0.0,       0.0,       0.0,       0.0,       0.0,       0.0,       0.0,       0.0,       0.0,       0.0,       0.0,       0.0,       0.0,       0.0,       0.0,       0.0,       0.0,       0.0,       0.0,       0.0,       0.0,       0.0,       0.0,       0.0,       0.0,       0.0,       0.0,       0.0,       0.0,       0.0,       0.0,       0.0,       0.0,       0.0,       0.0,       0.0,       0.0,       0.0,       0.0,       0.0,       0.0
